[{"model": "contenttypes.contenttype", "pk": 1, "fields": {"app_label": "admin", "model": "logentry"}}, {"model": "contenttypes.contenttype", "pk": 2, "fields": {"app_label": "auth", "model": "user"}}, {"model": "contenttypes.contenttype", "pk": 3, "fields": {"app_label": "auth", "model": "permission"}}, {"model": "contenttypes.contenttype", "pk": 4, "fields": {"app_label": "auth", "model": "group"}}, {"model": "contenttypes.contenttype", "pk": 5, "fields": {"app_label": "contenttypes", "model": "contenttype"}}, {"model": "contenttypes.contenttype", "pk": 6, "fields": {"app_label": "sessions", "model": "session"}}, {"model": "contenttypes.contenttype", "pk": 7, "fields": {"app_label": "trackerwebapp", "model": "classroom"}}, {"model": "contenttypes.contenttype", "pk": 8, "fields": {"app_label": "trackerwebapp", "model": "student"}}, {"model": "contenttypes.contenttype", "pk": 9, "fields": {"app_label": "trackerwebapp", "model": "submission"}}, {"model": "contenttypes.contenttype", "pk": 10, "fields": {"app_label": "trackerwebapp", "model": "cohort"}}, {"model": "sessions.session", "pk": "vvr8tg2234do7ny9tag39padwnzaru7d", "fields": {"session_data": "ZDk5ZjI0YTc3N2U2NWVhZDk4ZWNiMmIxNWVhOTUyYzljNGU2MjdmNTp7Il9hdXRoX3VzZXJfaWQiOiIxIiwiX2F1dGhfdXNlcl9iYWNrZW5kIjoiZGphbmdvLmNvbnRyaWIuYXV0aC5iYWNrZW5kcy5Nb2RlbEJhY2tlbmQiLCJfYXV0aF91c2VyX2hhc2giOiI2Nzk3MWNkNDM1Y2NiZDM1MzFiOTAyZjJhMjAzODU3Nzc1MjcyYjU3In0=", "expire_date": "2020-07-16T01:19:31.517Z"}}, {"model": "trackerwebapp.cohort", "pk": 1, "fields": {"name": "Day Cohort 43"}}, {"model": "trackerwebapp.cohort", "pk": 2, "fields": {"name": "Day Cohort 44"}}, {"model": "trackerwebapp.cohort", "pk": 3, "fields": {"name": "Evening Cohort 14"}}, {"model": "trackerwebapp.cohort", "pk": 4, "fields": {"name": "Day Cohort 45"}}, {"model": "trackerwebapp.cohort", "pk": 5, "fields": {"name": "Day Cohort 47"}}, {"model": "trackerwebapp.cohort", "pk": 6, "fields": {"name": "Day Cohort 46"}}, {"model": "trackerwebapp.cohort", "pk": 7, "fields": {"name": "Evening Cohort 13"}}, {"model": "trackerwebapp.cohort", "pk": 8, "fields": {"name": "Day Cohort 1"}}, {"model": "trackerwebapp.cohort", "pk": 9, "fields": {"name": "Day Cohort 42"}}, {"model": "trackerwebapp.cohort", "pk": 10, "fields": {"name": "Day Cohort 11"}}, {"model": "trackerwebapp.student", "pk": 1, "fields": {"first_name": "NSS", "last_name": "Classroom", "replit_id": 981115, "withdrawn": false, "withdrawn_date": null, "second_chance_cohort": null, "cohort": 8}}, {"model": "trackerwebapp.student", "pk": 2, "fields": {"first_name": "Charlie", "last_name": "Butterworth", "replit_id": 3570256, "withdrawn": false, "withdrawn_date": null, "second_chance_cohort": null, "cohort": 1}}, {"model": "trackerwebapp.student", "pk": 3, "fields": {"first_name": "Bryan", "last_name": "Ford", "replit_id": 2896980, "withdrawn": false, "withdrawn_date": null, "second_chance_cohort": null, "cohort": 1}}, {"model": "trackerwebapp.student", "pk": 4, "fields": {"first_name": "Michael", "last_name": "Tyler", "replit_id": 2789082, "withdrawn": false, "withdrawn_date": null, "second_chance_cohort": null, "cohort": 9}}, {"model": "trackerwebapp.student", "pk": 5, "fields": {"first_name": "Joseph", "last_name": "Tidwell", "replit_id": 3451628, "withdrawn": false, "withdrawn_date": null, "second_chance_cohort": null, "cohort": 1}}, {"model": "trackerwebapp.student", "pk": 6, "fields": {"first_name": "Stephen", "last_name": "Freeny", "replit_id": 3429373, "withdrawn": false, "withdrawn_date": null, "second_chance_cohort": null, "cohort": 7}}, {"model": "trackerwebapp.student", "pk": 7, "fields": {"first_name": "Christian", "last_name": "P", "replit_id": 2032533, "withdrawn": false, "withdrawn_date": null, "second_chance_cohort": null, "cohort": 1}}, {"model": "trackerwebapp.student", "pk": 8, "fields": {"first_name": "Dani", "last_name": "Crosby", "replit_id": 3546053, "withdrawn": false, "withdrawn_date": null, "second_chance_cohort": null, "cohort": null}}, {"model": "trackerwebapp.student", "pk": 9, "fields": {"first_name": "Matthew", "last_name": "Goodman", "replit_id": 3558636, "withdrawn": false, "withdrawn_date": null, "second_chance_cohort": null, "cohort": 4}}, {"model": "trackerwebapp.student", "pk": 10, "fields": {"first_name": "Jeremy", "last_name": "Young", "replit_id": 3575450, "withdrawn": false, "withdrawn_date": null, "second_chance_cohort": null, "cohort": 1}}, {"model": "trackerwebapp.student", "pk": 11, "fields": {"first_name": "abbey", "last_name": "royse", "replit_id": 3528973, "withdrawn": false, "withdrawn_date": null, "second_chance_cohort": null, "cohort": 1}}, {"model": "trackerwebapp.student", "pk": 12, "fields": {"first_name": "Jerry", "last_name": "Robertson", "replit_id": 3550018, "withdrawn": false, "withdrawn_date": null, "second_chance_cohort": null, "cohort": 1}}, {"model": "trackerwebapp.student", "pk": 13, "fields": {"first_name": "Christina", "last_name": "Khan", "replit_id": 3562642, "withdrawn": false, "withdrawn_date": null, "second_chance_cohort": null, "cohort": null}}, {"model": "trackerwebapp.student", "pk": 14, "fields": {"first_name": "Braxton", "last_name": "Shoop", "replit_id": 3492520, "withdrawn": false, "withdrawn_date": null, "second_chance_cohort": null, "cohort": null}}, {"model": "trackerwebapp.student", "pk": 15, "fields": {"first_name": "Jonathon ", "last_name": "Joyner", "replit_id": 3366054, "withdrawn": false, "withdrawn_date": null, "second_chance_cohort": null, "cohort": 7}}, {"model": "trackerwebapp.student", "pk": 16, "fields": {"first_name": "Audrey", "last_name": "Thomasson", "replit_id": 3559740, "withdrawn": false, "withdrawn_date": null, "second_chance_cohort": null, "cohort": null}}, {"model": "trackerwebapp.student", "pk": 17, "fields": {"first_name": "Megan", "last_name": "Couch", "replit_id": 3569793, "withdrawn": false, "withdrawn_date": null, "second_chance_cohort": null, "cohort": null}}, {"model": "trackerwebapp.student", "pk": 18, "fields": {"first_name": "Devon", "last_name": "Cox", "replit_id": 3582730, "withdrawn": false, "withdrawn_date": null, "second_chance_cohort": null, "cohort": null}}, {"model": "trackerwebapp.student", "pk": 19, "fields": {"first_name": "Richie", "last_name": "Holsenback", "replit_id": 3579704, "withdrawn": false, "withdrawn_date": null, "second_chance_cohort": null, "cohort": null}}, {"model": "trackerwebapp.student", "pk": 20, "fields": {"first_name": "Ben ", "last_name": "Davis", "replit_id": 3551644, "withdrawn": false, "withdrawn_date": null, "second_chance_cohort": null, "cohort": null}}, {"model": "trackerwebapp.student", "pk": 21, "fields": {"first_name": "Michael", "last_name": "Pfohl", "replit_id": 2924364, "withdrawn": false, "withdrawn_date": null, "second_chance_cohort": null, "cohort": null}}, {"model": "trackerwebapp.student", "pk": 22, "fields": {"first_name": "Deanna", "last_name": "Mix", "replit_id": 3519362, "withdrawn": false, "withdrawn_date": null, "second_chance_cohort": null, "cohort": null}}, {"model": "trackerwebapp.student", "pk": 23, "fields": {"first_name": "Kate", "last_name": "Hinrichs", "replit_id": 3425163, "withdrawn": false, "withdrawn_date": null, "second_chance_cohort": null, "cohort": 9}}, {"model": "trackerwebapp.student", "pk": 24, "fields": {"first_name": "sanjeet", "last_name": "Prasad", "replit_id": 2946867, "withdrawn": false, "withdrawn_date": null, "second_chance_cohort": null, "cohort": null}}, {"model": "trackerwebapp.student", "pk": 25, "fields": {"first_name": "Kaitlyn", "last_name": "VanHook", "replit_id": 3296689, "withdrawn": false, "withdrawn_date": null, "second_chance_cohort": null, "cohort": null}}, {"model": "trackerwebapp.student", "pk": 26, "fields": {"first_name": "Joe", "last_name": "Overton", "replit_id": 3496747, "withdrawn": false, "withdrawn_date": null, "second_chance_cohort": null, "cohort": 1}}, {"model": "trackerwebapp.student", "pk": 27, "fields": {"first_name": "Jorian", "last_name": "Ekadi", "replit_id": 3119258, "withdrawn": false, "withdrawn_date": null, "second_chance_cohort": null, "cohort": 9}}, {"model": "trackerwebapp.student", "pk": 28, "fields": {"first_name": "Wanda", "last_name": "McInturff", "replit_id": 3433021, "withdrawn": false, "withdrawn_date": null, "second_chance_cohort": null, "cohort": 7}}, {"model": "trackerwebapp.student", "pk": 29, "fields": {"first_name": "Jeremiah", "last_name": "Schugt", "replit_id": 3584525, "withdrawn": false, "withdrawn_date": null, "second_chance_cohort": null, "cohort": null}}, {"model": "trackerwebapp.student", "pk": 30, "fields": {"first_name": "Martin", "last_name": "Sisk", "replit_id": 3423895, "withdrawn": false, "withdrawn_date": null, "second_chance_cohort": null, "cohort": null}}, {"model": "trackerwebapp.student", "pk": 31, "fields": {"first_name": "Jacob", "last_name": "Paine", "replit_id": 3509567, "withdrawn": false, "withdrawn_date": null, "second_chance_cohort": null, "cohort": 10}}, {"model": "trackerwebapp.student", "pk": 32, "fields": {"first_name": "Stuart", "last_name": "Getz", "replit_id": 2499612, "withdrawn": false, "withdrawn_date": null, "second_chance_cohort": null, "cohort": null}}, {"model": "trackerwebapp.student", "pk": 33, "fields": {"first_name": "Autumn", "last_name": "Fotopoulos", "replit_id": 3249063, "withdrawn": false, "withdrawn_date": null, "second_chance_cohort": null, "cohort": null}}, {"model": "trackerwebapp.student", "pk": 34, "fields": {"first_name": "Dillon", "last_name": "Draper", "replit_id": 3287821, "withdrawn": false, "withdrawn_date": null, "second_chance_cohort": null, "cohort": null}}, {"model": "trackerwebapp.student", "pk": 35, "fields": {"first_name": "Ember", "last_name": "Parr", "replit_id": 3458493, "withdrawn": false, "withdrawn_date": null, "second_chance_cohort": null, "cohort": null}}, {"model": "trackerwebapp.student", "pk": 36, "fields": {"first_name": "Angelica", "last_name": "Romero", "replit_id": 3564060, "withdrawn": false, "withdrawn_date": null, "second_chance_cohort": null, "cohort": null}}, {"model": "trackerwebapp.student", "pk": 37, "fields": {"first_name": "Hunter", "last_name": "Juneau", "replit_id": 2513233, "withdrawn": false, "withdrawn_date": null, "second_chance_cohort": null, "cohort": null}}, {"model": "trackerwebapp.classroom", "pk": 1, "fields": {"title": "Introduction to Functions (Clone)", "replit_id": 199569}}, {"model": "trackerwebapp.classroom", "pk": 2, "fields": {"title": "Introduction to Arrays and Iteration", "replit_id": 174878}}, {"model": "trackerwebapp.classroom", "pk": 3, "fields": {"title": "JavaScript Functions", "replit_id": 85193}}, {"model": "trackerwebapp.classroom", "pk": 4, "fields": {"title": "JavaScript Conditions", "replit_id": 81437}}, {"model": "trackerwebapp.classroom", "pk": 5, "fields": {"title": "Iteration with JavaScript", "replit_id": 82104}}, {"model": "trackerwebapp.classroom", "pk": 6, "fields": {"title": "Introduction to Functions", "replit_id": 194563}}, {"model": "trackerwebapp.classroom", "pk": 7, "fields": {"title": "Introduction to Objects", "replit_id": 175529}}, {"model": "trackerwebapp.classroom", "pk": 8, "fields": {"title": "Introduction to JavaScript Variables", "replit_id": 174346}}, {"model": "trackerwebapp.submission", "pk": 1, "fields": {"time_submitted": "2020-07-01T14:42:35.403Z", "teacher_url": "https://repl.it/teacher/submissions/13221364", "student_url": "https://repl.it/student/submissions/13221364", "exercise": "Introduction and Syntax", "student": 1, "classroom": 1}}, {"model": "trackerwebapp.submission", "pk": 2, "fields": {"time_submitted": "2020-07-01T15:20:26.688Z", "teacher_url": "https://repl.it/teacher/submissions/13211924", "student_url": "https://repl.it/student/submissions/13211924", "exercise": "Part 3: The Hairy Potter", "student": 2, "classroom": 2}}, {"model": "trackerwebapp.submission", "pk": 3, "fields": {"time_submitted": "2020-07-01T15:34:43.224Z", "teacher_url": "https://repl.it/teacher/submissions/13221700", "student_url": "https://repl.it/student/submissions/13221700", "exercise": "Part 4: Fast Food Worker", "student": 2, "classroom": 2}}, {"model": "trackerwebapp.submission", "pk": 4, "fields": {"time_submitted": "2020-07-01T15:51:14.218Z", "teacher_url": "https://repl.it/teacher/submissions/13221908", "student_url": "https://repl.it/student/submissions/13221908", "exercise": "Function Parameters and Arguments", "student": 3, "classroom": 3}}, {"model": "trackerwebapp.submission", "pk": 5, "fields": {"time_submitted": "2020-07-01T15:57:49.803Z", "teacher_url": "https://repl.it/teacher/submissions/13221887", "student_url": "https://repl.it/student/submissions/13221887", "exercise": "Part 5: Yearly Grocery Costs", "student": 2, "classroom": 2}}, {"model": "trackerwebapp.submission", "pk": 6, "fields": {"time_submitted": "2020-07-01T16:04:35.452Z", "teacher_url": "https://repl.it/teacher/submissions/13222170", "student_url": "https://repl.it/student/submissions/13222170", "exercise": "Part 6: Average Miles", "student": 2, "classroom": 2}}, {"model": "trackerwebapp.submission", "pk": 7, "fields": {"time_submitted": "2020-07-01T16:18:28.901Z", "teacher_url": "https://repl.it/teacher/submissions/13222332", "student_url": "https://repl.it/student/submissions/13222332", "exercise": "Making a journal entry component", "student": 3, "classroom": 3}}, {"model": "trackerwebapp.submission", "pk": 8, "fields": {"time_submitted": "2020-07-01T16:39:10.370Z", "teacher_url": "https://repl.it/teacher/submissions/13222262", "student_url": "https://repl.it/student/submissions/13222262", "exercise": "Part 7: Sleep and Moods", "student": 2, "classroom": 2}}, {"model": "trackerwebapp.submission", "pk": 9, "fields": {"time_submitted": "2020-07-01T17:03:37.264Z", "teacher_url": "https://repl.it/teacher/submissions/13222889", "student_url": "https://repl.it/student/submissions/13222889", "exercise": "Building a sentence", "student": 4, "classroom": 5}}, {"model": "trackerwebapp.submission", "pk": 10, "fields": {"time_submitted": "2020-07-01T17:09:49.690Z", "teacher_url": "https://repl.it/teacher/submissions/13222418", "student_url": "https://repl.it/student/submissions/13222418", "exercise": "Student Assignments", "student": 3, "classroom": 3}}, {"model": "trackerwebapp.submission", "pk": 11, "fields": {"time_submitted": "2020-07-01T17:27:31.151Z", "teacher_url": "https://repl.it/teacher/submissions/13223014", "student_url": "https://repl.it/student/submissions/13223014", "exercise": "Wedding Function", "student": 5, "classroom": 3}}, {"model": "trackerwebapp.submission", "pk": 12, "fields": {"time_submitted": "2020-07-01T17:29:51.440Z", "teacher_url": "https://repl.it/teacher/submissions/13214688", "student_url": "https://repl.it/student/submissions/13214688", "exercise": "Using iteration to create a new collection", "student": 6, "classroom": 5}}, {"model": "trackerwebapp.submission", "pk": 13, "fields": {"time_submitted": "2020-07-01T17:46:15.726Z", "teacher_url": "https://repl.it/teacher/submissions/13223304", "student_url": "https://repl.it/student/submissions/13223304", "exercise": "Wedding Function", "student": 6, "classroom": 3}}, {"model": "trackerwebapp.submission", "pk": 14, "fields": {"time_submitted": "2020-07-01T17:47:22.900Z", "teacher_url": "https://repl.it/teacher/submissions/13223480", "student_url": "https://repl.it/student/submissions/13223480", "exercise": "Wedding Function", "student": 6, "classroom": 3}}, {"model": "trackerwebapp.submission", "pk": 15, "fields": {"time_submitted": "2020-07-01T18:07:52.612Z", "teacher_url": "https://repl.it/teacher/submissions/13223462", "student_url": "https://repl.it/student/submissions/13223462", "exercise": "Making a journal entry component", "student": 5, "classroom": 3}}, {"model": "trackerwebapp.submission", "pk": 16, "fields": {"time_submitted": "2020-07-01T18:22:25.668Z", "teacher_url": "https://repl.it/teacher/submissions/13223491", "student_url": "https://repl.it/student/submissions/13223491", "exercise": "Function Parameters and Arguments", "student": 6, "classroom": 3}}, {"model": "trackerwebapp.submission", "pk": 17, "fields": {"time_submitted": "2020-07-01T18:38:50.245Z", "teacher_url": "https://repl.it/teacher/submissions/13223847", "student_url": "https://repl.it/student/submissions/13223847", "exercise": "Making a journal entry component", "student": 6, "classroom": 3}}, {"model": "trackerwebapp.submission", "pk": 18, "fields": {"time_submitted": "2020-07-01T19:03:50.984Z", "teacher_url": "https://repl.it/teacher/submissions/13224224", "student_url": "https://repl.it/student/submissions/13224224", "exercise": "Introduction and Syntax", "student": 7, "classroom": 6}}, {"model": "trackerwebapp.submission", "pk": 19, "fields": {"time_submitted": "2020-07-01T19:04:40.378Z", "teacher_url": "https://repl.it/teacher/submissions/13224302", "student_url": "https://repl.it/student/submissions/13224302", "exercise": "Paint the House", "student": 7, "classroom": 6}}, {"model": "trackerwebapp.submission", "pk": 20, "fields": {"time_submitted": "2020-07-01T19:15:51.722Z", "teacher_url": "https://repl.it/teacher/submissions/13224308", "student_url": "https://repl.it/student/submissions/13224308", "exercise": "Return to Sender", "student": 7, "classroom": 6}}, {"model": "trackerwebapp.submission", "pk": 21, "fields": {"time_submitted": "2020-07-01T19:16:37.122Z", "teacher_url": "https://repl.it/teacher/submissions/13224402", "student_url": "https://repl.it/student/submissions/13224402", "exercise": "Storing Return Values", "student": 7, "classroom": 6}}, {"model": "trackerwebapp.submission", "pk": 22, "fields": {"time_submitted": "2020-07-01T19:21:36.033Z", "teacher_url": "https://repl.it/teacher/submissions/13224409", "student_url": "https://repl.it/student/submissions/13224409", "exercise": "Storing Two Return Values", "student": 7, "classroom": 6}}, {"model": "trackerwebapp.submission", "pk": 23, "fields": {"time_submitted": "2020-07-01T19:27:08.696Z", "teacher_url": "https://repl.it/teacher/submissions/13214986", "student_url": "https://repl.it/student/submissions/13214986", "exercise": "Voting Booth", "student": 8, "classroom": 7}}, {"model": "trackerwebapp.submission", "pk": 24, "fields": {"time_submitted": "2020-07-01T19:34:05.199Z", "teacher_url": "https://repl.it/teacher/submissions/13224470", "student_url": "https://repl.it/student/submissions/13224470", "exercise": "Introduction and Syntax", "student": 9, "classroom": 2}}, {"model": "trackerwebapp.submission", "pk": 25, "fields": {"time_submitted": "2020-07-01T19:51:39.819Z", "teacher_url": "https://repl.it/teacher/submissions/13224533", "student_url": "https://repl.it/student/submissions/13224533", "exercise": "Part 1: Cleaning the Dishes", "student": 9, "classroom": 2}}, {"model": "trackerwebapp.submission", "pk": 26, "fields": {"time_submitted": "2020-07-01T20:01:07.792Z", "teacher_url": "https://repl.it/teacher/submissions/13224687", "student_url": "https://repl.it/student/submissions/13224687", "exercise": "Part 2: Programming Topics", "student": 9, "classroom": 2}}, {"model": "trackerwebapp.submission", "pk": 27, "fields": {"time_submitted": "2020-07-01T20:03:56.419Z", "teacher_url": "https://repl.it/teacher/submissions/13224451", "student_url": "https://repl.it/student/submissions/13224451", "exercise": "Function Flow: Introduction", "student": 7, "classroom": 6}}, {"model": "trackerwebapp.submission", "pk": 28, "fields": {"time_submitted": "2020-07-01T20:12:00.556Z", "teacher_url": "https://repl.it/teacher/submissions/13224843", "student_url": "https://repl.it/student/submissions/13224843", "exercise": "Function Flow: Add Then Multiply", "student": 7, "classroom": 6}}, {"model": "trackerwebapp.submission", "pk": 29, "fields": {"time_submitted": "2020-07-01T20:14:14.290Z", "teacher_url": "https://repl.it/teacher/submissions/13224813", "student_url": "https://repl.it/student/submissions/13224813", "exercise": "Part 3: The Hairy Potter", "student": 9, "classroom": 2}}, {"model": "trackerwebapp.submission", "pk": 30, "fields": {"time_submitted": "2020-07-01T20:35:24.400Z", "teacher_url": "https://repl.it/teacher/submissions/13224944", "student_url": "https://repl.it/student/submissions/13224944", "exercise": "Part 4: Fast Food Worker", "student": 9, "classroom": 2}}, {"model": "trackerwebapp.submission", "pk": 31, "fields": {"time_submitted": "2020-07-01T20:42:56.362Z", "teacher_url": "https://repl.it/teacher/submissions/13224917", "student_url": "https://repl.it/student/submissions/13224917", "exercise": "Function Flow: Adding Properties", "student": 7, "classroom": 6}}, {"model": "trackerwebapp.submission", "pk": 32, "fields": {"time_submitted": "2020-07-01T20:47:10.158Z", "teacher_url": "https://repl.it/teacher/submissions/13225267", "student_url": "https://repl.it/student/submissions/13225267", "exercise": "Deconstruction: An Introduction", "student": 7, "classroom": 6}}, {"model": "trackerwebapp.submission", "pk": 33, "fields": {"time_submitted": "2020-07-01T20:57:30.761Z", "teacher_url": "https://repl.it/teacher/submissions/13225164", "student_url": "https://repl.it/student/submissions/13225164", "exercise": "Part 5: Yearly Grocery Costs", "student": 9, "classroom": 2}}, {"model": "trackerwebapp.submission", "pk": 34, "fields": {"time_submitted": "2020-07-01T20:58:48.899Z", "teacher_url": "https://repl.it/teacher/submissions/13225317", "student_url": "https://repl.it/student/submissions/13225317", "exercise": "Deconstruction: Calculator", "student": 7, "classroom": 6}}, {"model": "trackerwebapp.submission", "pk": 35, "fields": {"time_submitted": "2020-07-01T21:09:05.552Z", "teacher_url": "https://repl.it/teacher/submissions/13223710", "student_url": "https://repl.it/student/submissions/13223710", "exercise": "Functions calling functions", "student": 3, "classroom": 3}}, {"model": "trackerwebapp.submission", "pk": 36, "fields": {"time_submitted": "2020-07-01T21:34:25.784Z", "teacher_url": "https://repl.it/teacher/submissions/13223735", "student_url": "https://repl.it/student/submissions/13223735", "exercise": "Using the Power of of", "student": 4, "classroom": 5}}, {"model": "trackerwebapp.submission", "pk": 37, "fields": {"time_submitted": "2020-07-01T21:36:13.844Z", "teacher_url": "https://repl.it/teacher/submissions/13225815", "student_url": "https://repl.it/student/submissions/13225815", "exercise": "Using the Power of of", "student": 4, "classroom": 5}}, {"model": "trackerwebapp.submission", "pk": 38, "fields": {"time_submitted": "2020-07-01T21:40:09.652Z", "teacher_url": "https://repl.it/teacher/submissions/13225889", "student_url": "https://repl.it/student/submissions/13225889", "exercise": "Nested loops", "student": 4, "classroom": 5}}, {"model": "trackerwebapp.submission", "pk": 39, "fields": {"time_submitted": "2020-07-01T21:48:26.201Z", "teacher_url": "https://repl.it/teacher/submissions/13225874", "student_url": "https://repl.it/student/submissions/13225874", "exercise": "Part 4: Multi-line Strings", "student": 10, "classroom": 8}}, {"model": "trackerwebapp.submission", "pk": 40, "fields": {"time_submitted": "2020-07-01T21:48:58.011Z", "teacher_url": "https://repl.it/teacher/submissions/13216458", "student_url": "https://repl.it/student/submissions/13216458", "exercise": "Deconstruction: An Introduction", "student": 11, "classroom": 6}}, {"model": "trackerwebapp.submission", "pk": 41, "fields": {"time_submitted": "2020-07-01T22:13:57.698Z", "teacher_url": "https://repl.it/teacher/submissions/13226012", "student_url": "https://repl.it/student/submissions/13226012", "exercise": "Part 5: Ill Logical Variables", "student": 10, "classroom": 8}}, {"model": "trackerwebapp.submission", "pk": 42, "fields": {"time_submitted": "2020-07-01T22:29:26.303Z", "teacher_url": "https://repl.it/teacher/submissions/13226021", "student_url": "https://repl.it/student/submissions/13226021", "exercise": "Deconstruction: Calculator", "student": 11, "classroom": 6}}, {"model": "trackerwebapp.submission", "pk": 43, "fields": {"time_submitted": "2020-07-01T22:31:08.585Z", "teacher_url": "https://repl.it/teacher/submissions/13196272", "student_url": "https://repl.it/student/submissions/13196272", "exercise": "Part 1: Variables and Values", "student": 9, "classroom": 8}}, {"model": "trackerwebapp.submission", "pk": 44, "fields": {"time_submitted": "2020-07-01T22:55:54.786Z", "teacher_url": "https://repl.it/teacher/submissions/13225939", "student_url": "https://repl.it/student/submissions/13225939", "exercise": "Using iteration to filter a collection", "student": 4, "classroom": 5}}, {"model": "trackerwebapp.submission", "pk": 45, "fields": {"time_submitted": "2020-07-01T23:51:33.151Z", "teacher_url": "https://repl.it/teacher/submissions/13226762", "student_url": "https://repl.it/student/submissions/13226762", "exercise": "Adults only", "student": 4, "classroom": 5}}, {"model": "trackerwebapp.submission", "pk": 46, "fields": {"time_submitted": "2020-07-01T23:53:50.474Z", "teacher_url": "https://repl.it/teacher/submissions/13226892", "student_url": "https://repl.it/student/submissions/13226892", "exercise": "Adults only", "student": 4, "classroom": 5}}, {"model": "trackerwebapp.submission", "pk": 47, "fields": {"time_submitted": "2020-07-01T23:56:26.943Z", "teacher_url": "https://repl.it/teacher/submissions/13226342", "student_url": "https://repl.it/student/submissions/13226342", "exercise": "Part 2: String Values in Variables", "student": 9, "classroom": 8}}, {"model": "trackerwebapp.submission", "pk": 48, "fields": {"time_submitted": "2020-07-01T23:59:06.744Z", "teacher_url": "https://repl.it/teacher/submissions/13226392", "student_url": "https://repl.it/student/submissions/13226392", "exercise": "Part 6: Average Miles", "student": 12, "classroom": 2}}, {"model": "trackerwebapp.submission", "pk": 49, "fields": {"time_submitted": "2020-07-02T00:03:10.818Z", "teacher_url": "https://repl.it/teacher/submissions/13226904", "student_url": "https://repl.it/student/submissions/13226904", "exercise": "Using iteration to create a new collection", "student": 4, "classroom": 5}}, {"model": "trackerwebapp.submission", "pk": 50, "fields": {"time_submitted": "2020-07-02T00:05:19.233Z", "teacher_url": "https://repl.it/teacher/submissions/13226972", "student_url": "https://repl.it/student/submissions/13226972", "exercise": "Using iteration to create a new collection", "student": 4, "classroom": 5}}, {"model": "trackerwebapp.submission", "pk": 51, "fields": {"time_submitted": "2020-07-02T00:09:18.872Z", "teacher_url": "https://repl.it/teacher/submissions/13226989", "student_url": "https://repl.it/student/submissions/13226989", "exercise": "Using iteration to create a new collection", "student": 4, "classroom": 5}}, {"model": "trackerwebapp.submission", "pk": 52, "fields": {"time_submitted": "2020-07-02T00:15:26.486Z", "teacher_url": "https://repl.it/teacher/submissions/13226914", "student_url": "https://repl.it/student/submissions/13226914", "exercise": "Part 3: \"Scary\" Math with Variables", "student": 9, "classroom": 8}}, {"model": "trackerwebapp.submission", "pk": 53, "fields": {"time_submitted": "2020-07-02T00:33:41.770Z", "teacher_url": "https://repl.it/teacher/submissions/13131379", "student_url": "https://repl.it/student/submissions/13131379", "exercise": "Wedding Function", "student": 4, "classroom": 3}}, {"model": "trackerwebapp.submission", "pk": 54, "fields": {"time_submitted": "2020-07-02T00:59:58.750Z", "teacher_url": "https://repl.it/teacher/submissions/13227097", "student_url": "https://repl.it/student/submissions/13227097", "exercise": "Part 4: Multi-line Strings", "student": 9, "classroom": 8}}, {"model": "trackerwebapp.submission", "pk": 55, "fields": {"time_submitted": "2020-07-02T01:51:32.240Z", "teacher_url": "https://repl.it/teacher/submissions/13227579", "student_url": "https://repl.it/student/submissions/13227579", "exercise": "Part 6: More or Less Party", "student": 9, "classroom": 8}}, {"model": "trackerwebapp.submission", "pk": 56, "fields": {"time_submitted": "2020-07-02T05:51:28.945Z", "teacher_url": "https://repl.it/teacher/submissions/13229031", "student_url": "https://repl.it/student/submissions/13229031", "exercise": "Introduction and Syntax", "student": 13, "classroom": 6}}, {"model": "trackerwebapp.submission", "pk": 57, "fields": {"time_submitted": "2020-07-02T05:53:45.144Z", "teacher_url": "https://repl.it/teacher/submissions/13229115", "student_url": "https://repl.it/student/submissions/13229115", "exercise": "Paint the House", "student": 13, "classroom": 6}}, {"model": "trackerwebapp.submission", "pk": 58, "fields": {"time_submitted": "2020-07-02T06:08:20.656Z", "teacher_url": "https://repl.it/teacher/submissions/13229124", "student_url": "https://repl.it/student/submissions/13229124", "exercise": "Return to Sender", "student": 13, "classroom": 6}}, {"model": "trackerwebapp.submission", "pk": 59, "fields": {"time_submitted": "2020-07-02T06:12:48.681Z", "teacher_url": "https://repl.it/teacher/submissions/13229181", "student_url": "https://repl.it/student/submissions/13229181", "exercise": "Storing Return Values", "student": 13, "classroom": 6}}, {"model": "trackerwebapp.submission", "pk": 60, "fields": {"time_submitted": "2020-07-02T06:35:52.338Z", "teacher_url": "https://repl.it/teacher/submissions/13229202", "student_url": "https://repl.it/student/submissions/13229202", "exercise": "Storing Two Return Values", "student": 13, "classroom": 6}}, {"model": "trackerwebapp.submission", "pk": 61, "fields": {"time_submitted": "2020-07-02T08:42:43.872Z", "teacher_url": "https://repl.it/teacher/submissions/13229294", "student_url": "https://repl.it/student/submissions/13229294", "exercise": "Function Flow: Introduction", "student": 13, "classroom": 6}}, {"model": "trackerwebapp.submission", "pk": 62, "fields": {"time_submitted": "2020-07-02T11:58:59.661Z", "teacher_url": "https://repl.it/teacher/submissions/13194361", "student_url": "https://repl.it/student/submissions/13194361", "exercise": "Function Flow: Candy", "student": 14, "classroom": 6}}, {"model": "trackerwebapp.submission", "pk": 63, "fields": {"time_submitted": "2020-07-02T12:52:10.710Z", "teacher_url": "https://repl.it/teacher/submissions/13189616", "student_url": "https://repl.it/student/submissions/13189616", "exercise": "Doctor Office Schedule", "student": 15, "classroom": 7}}, {"model": "trackerwebapp.submission", "pk": 64, "fields": {"time_submitted": "2020-07-02T12:59:37.979Z", "teacher_url": "https://repl.it/teacher/submissions/13230996", "student_url": "https://repl.it/student/submissions/13230996", "exercise": "Converting Objects to Strings", "student": 14, "classroom": 6}}, {"model": "trackerwebapp.submission", "pk": 65, "fields": {"time_submitted": "2020-07-02T14:15:10.229Z", "teacher_url": "https://repl.it/teacher/submissions/13212516", "student_url": "https://repl.it/student/submissions/13212516", "exercise": "Part 5: Yearly Grocery Costs", "student": 16, "classroom": 2}}, {"model": "trackerwebapp.submission", "pk": 66, "fields": {"time_submitted": "2020-07-02T14:29:26.742Z", "teacher_url": "https://repl.it/teacher/submissions/13231950", "student_url": "https://repl.it/student/submissions/13231950", "exercise": "Part 6: Average Miles", "student": 16, "classroom": 2}}, {"model": "trackerwebapp.submission", "pk": 67, "fields": {"time_submitted": "2020-07-02T14:39:47.144Z", "teacher_url": "https://repl.it/teacher/submissions/13232071", "student_url": "https://repl.it/student/submissions/13232071", "exercise": "Part 7: Sleep and Moods", "student": 16, "classroom": 2}}, {"model": "trackerwebapp.submission", "pk": 68, "fields": {"time_submitted": "2020-07-02T14:42:52.724Z", "teacher_url": "https://repl.it/teacher/submissions/13231244", "student_url": "https://repl.it/student/submissions/13231244", "exercise": "Sales Associate", "student": 15, "classroom": 7}}, {"model": "trackerwebapp.submission", "pk": 69, "fields": {"time_submitted": "2020-07-02T15:36:30.396Z", "teacher_url": "https://repl.it/teacher/submissions/13223869", "student_url": "https://repl.it/student/submissions/13223869", "exercise": "Car Factory Functions", "student": 3, "classroom": 3}}, {"model": "trackerwebapp.submission", "pk": 70, "fields": {"time_submitted": "2020-07-02T16:06:41.410Z", "teacher_url": "https://repl.it/teacher/submissions/13211499", "student_url": "https://repl.it/student/submissions/13211499", "exercise": "Part 3: \"Scary\" Math with Variables", "student": 17, "classroom": 8}}, {"model": "trackerwebapp.submission", "pk": 71, "fields": {"time_submitted": "2020-07-02T16:37:20.969Z", "teacher_url": "https://repl.it/teacher/submissions/13232808", "student_url": "https://repl.it/student/submissions/13232808", "exercise": "Part 1: Variables and Values", "student": 18, "classroom": 8}}, {"model": "trackerwebapp.submission", "pk": 72, "fields": {"time_submitted": "2020-07-02T16:40:02.224Z", "teacher_url": "https://repl.it/teacher/submissions/13226140", "student_url": "https://repl.it/student/submissions/13226140", "exercise": "Part 2: String Values in Variables", "student": 19, "classroom": 8}}, {"model": "trackerwebapp.submission", "pk": 73, "fields": {"time_submitted": "2020-07-02T17:23:36.027Z", "teacher_url": "https://repl.it/teacher/submissions/13233481", "student_url": "https://repl.it/student/submissions/13233481", "exercise": "Introduction and Syntax", "student": 20, "classroom": 2}}, {"model": "trackerwebapp.submission", "pk": 74, "fields": {"time_submitted": "2020-07-02T17:25:57.300Z", "teacher_url": "https://repl.it/teacher/submissions/13233581", "student_url": "https://repl.it/student/submissions/13233581", "exercise": "Part 1: Cleaning the Dishes", "student": 20, "classroom": 2}}, {"model": "trackerwebapp.submission", "pk": 75, "fields": {"time_submitted": "2020-07-02T17:26:01.907Z", "teacher_url": "https://repl.it/teacher/submissions/13233232", "student_url": "https://repl.it/student/submissions/13233232", "exercise": "Part 3: \"Scary\" Math with Variables", "student": 19, "classroom": 8}}, {"model": "trackerwebapp.submission", "pk": 76, "fields": {"time_submitted": "2020-07-02T17:28:21.948Z", "teacher_url": "https://repl.it/teacher/submissions/13224057", "student_url": "https://repl.it/student/submissions/13224057", "exercise": "Student Assignments", "student": 6, "classroom": 3}}, {"model": "trackerwebapp.submission", "pk": 77, "fields": {"time_submitted": "2020-07-02T17:28:33.379Z", "teacher_url": "https://repl.it/teacher/submissions/13233599", "student_url": "https://repl.it/student/submissions/13233599", "exercise": "Part 2: Programming Topics", "student": 20, "classroom": 2}}, {"model": "trackerwebapp.submission", "pk": 78, "fields": {"time_submitted": "2020-07-02T17:30:14.439Z", "teacher_url": "https://repl.it/teacher/submissions/13233614", "student_url": "https://repl.it/student/submissions/13233614", "exercise": "Part 3: The Hairy Potter", "student": 20, "classroom": 2}}, {"model": "trackerwebapp.submission", "pk": 79, "fields": {"time_submitted": "2020-07-02T17:33:22.672Z", "teacher_url": "https://repl.it/teacher/submissions/13233644", "student_url": "https://repl.it/student/submissions/13233644", "exercise": "Part 4: Fast Food Worker", "student": 20, "classroom": 2}}, {"model": "trackerwebapp.submission", "pk": 80, "fields": {"time_submitted": "2020-07-02T17:38:09.161Z", "teacher_url": "https://repl.it/teacher/submissions/13233674", "student_url": "https://repl.it/student/submissions/13233674", "exercise": "Part 5: Yearly Grocery Costs", "student": 20, "classroom": 2}}, {"model": "trackerwebapp.submission", "pk": 81, "fields": {"time_submitted": "2020-07-02T17:41:41.946Z", "teacher_url": "https://repl.it/teacher/submissions/13233701", "student_url": "https://repl.it/student/submissions/13233701", "exercise": "Part 6: Average Miles", "student": 20, "classroom": 2}}, {"model": "trackerwebapp.submission", "pk": 82, "fields": {"time_submitted": "2020-07-02T17:46:10.953Z", "teacher_url": "https://repl.it/teacher/submissions/13233745", "student_url": "https://repl.it/student/submissions/13233745", "exercise": "Part 7: Sleep and Moods", "student": 20, "classroom": 2}}, {"model": "trackerwebapp.submission", "pk": 83, "fields": {"time_submitted": "2020-07-02T17:49:35.326Z", "teacher_url": "https://repl.it/teacher/submissions/13225426", "student_url": "https://repl.it/student/submissions/13225426", "exercise": "Deconstruction: Car Factory", "student": 7, "classroom": 6}}, {"model": "trackerwebapp.submission", "pk": 84, "fields": {"time_submitted": "2020-07-02T17:51:37.446Z", "teacher_url": "https://repl.it/teacher/submissions/13233623", "student_url": "https://repl.it/student/submissions/13233623", "exercise": "Part 2: String Values in Variables", "student": 18, "classroom": 8}}, {"model": "trackerwebapp.submission", "pk": 85, "fields": {"time_submitted": "2020-07-02T17:52:30.366Z", "teacher_url": "https://repl.it/teacher/submissions/13233774", "student_url": "https://repl.it/student/submissions/13233774", "exercise": "Part 8: How Do You Like Your Coffee?", "student": 20, "classroom": 2}}, {"model": "trackerwebapp.submission", "pk": 86, "fields": {"time_submitted": "2020-07-02T17:57:05.354Z", "teacher_url": "https://repl.it/teacher/submissions/13233831", "student_url": "https://repl.it/student/submissions/13233831", "exercise": "Part 9: Split Personalities", "student": 20, "classroom": 2}}, {"model": "trackerwebapp.submission", "pk": 87, "fields": {"time_submitted": "2020-07-02T18:00:50.053Z", "teacher_url": "https://repl.it/teacher/submissions/13231748", "student_url": "https://repl.it/student/submissions/13231748", "exercise": "Librarian and the Book", "student": 15, "classroom": 7}}, {"model": "trackerwebapp.submission", "pk": 88, "fields": {"time_submitted": "2020-07-02T18:05:31.001Z", "teacher_url": "https://repl.it/teacher/submissions/13233869", "student_url": "https://repl.it/student/submissions/13233869", "exercise": "Review: Iteration", "student": 20, "classroom": 2}}, {"model": "trackerwebapp.submission", "pk": 89, "fields": {"time_submitted": "2020-07-02T18:05:38.906Z", "teacher_url": "https://repl.it/teacher/submissions/13232198", "student_url": "https://repl.it/student/submissions/13232198", "exercise": "GoldFish Tanks", "student": 15, "classroom": 7}}, {"model": "trackerwebapp.submission", "pk": 90, "fields": {"time_submitted": "2020-07-02T18:08:50.324Z", "teacher_url": "https://repl.it/teacher/submissions/13233967", "student_url": "https://repl.it/student/submissions/13233967", "exercise": "Introduction and Syntax", "student": 20, "classroom": 7}}, {"model": "trackerwebapp.submission", "pk": 91, "fields": {"time_submitted": "2020-07-02T18:10:18.658Z", "teacher_url": "https://repl.it/teacher/submissions/12580478", "student_url": "https://repl.it/student/submissions/12580478", "exercise": "Functions calling functions", "student": 21, "classroom": 3}}, {"model": "trackerwebapp.submission", "pk": 92, "fields": {"time_submitted": "2020-07-02T18:11:30.688Z", "teacher_url": "https://repl.it/teacher/submissions/13233982", "student_url": "https://repl.it/student/submissions/13233982", "exercise": "Flower Shop", "student": 20, "classroom": 7}}, {"model": "trackerwebapp.submission", "pk": 93, "fields": {"time_submitted": "2020-07-02T18:15:26.415Z", "teacher_url": "https://repl.it/teacher/submissions/13232156", "student_url": "https://repl.it/student/submissions/13232156", "exercise": "Part 8: How Do You Like Your Coffee?", "student": 16, "classroom": 2}}, {"model": "trackerwebapp.submission", "pk": 94, "fields": {"time_submitted": "2020-07-02T18:17:42.479Z", "teacher_url": "https://repl.it/teacher/submissions/13233809", "student_url": "https://repl.it/student/submissions/13233809", "exercise": "Deconstruction: Making Pottery for Profit", "student": 7, "classroom": 6}}, {"model": "trackerwebapp.submission", "pk": 95, "fields": {"time_submitted": "2020-07-02T18:20:13.396Z", "teacher_url": "https://repl.it/teacher/submissions/13234008", "student_url": "https://repl.it/student/submissions/13234008", "exercise": "Doctor Office Schedule", "student": 20, "classroom": 7}}, {"model": "trackerwebapp.submission", "pk": 96, "fields": {"time_submitted": "2020-07-02T18:25:01.927Z", "teacher_url": "https://repl.it/teacher/submissions/13233829", "student_url": "https://repl.it/student/submissions/13233829", "exercise": "Part 3: \"Scary\" Math with Variables", "student": 18, "classroom": 8}}, {"model": "trackerwebapp.submission", "pk": 97, "fields": {"time_submitted": "2020-07-02T18:27:59.446Z", "teacher_url": "https://repl.it/teacher/submissions/13234061", "student_url": "https://repl.it/student/submissions/13234061", "exercise": "Sales Associate", "student": 20, "classroom": 7}}, {"model": "trackerwebapp.submission", "pk": 98, "fields": {"time_submitted": "2020-07-02T18:30:17.941Z", "teacher_url": "https://repl.it/teacher/submissions/13234157", "student_url": "https://repl.it/student/submissions/13234157", "exercise": "Librarian and the Book", "student": 20, "classroom": 7}}, {"model": "trackerwebapp.submission", "pk": 99, "fields": {"time_submitted": "2020-07-02T18:31:04.724Z", "teacher_url": "https://repl.it/teacher/submissions/13113385", "student_url": "https://repl.it/student/submissions/13113385", "exercise": "Function Flow: Introduction", "student": 22, "classroom": 6}}, {"model": "trackerwebapp.submission", "pk": 100, "fields": {"time_submitted": "2020-07-02T18:31:20.145Z", "teacher_url": "https://repl.it/teacher/submissions/13234177", "student_url": "https://repl.it/student/submissions/13234177", "exercise": "GoldFish Tanks", "student": 20, "classroom": 7}}, {"model": "trackerwebapp.submission", "pk": 101, "fields": {"time_submitted": "2020-07-02T18:35:35.438Z", "teacher_url": "https://repl.it/teacher/submissions/13234193", "student_url": "https://repl.it/student/submissions/13234193", "exercise": "Function Flow: Add Then Multiply", "student": 22, "classroom": 6}}, {"model": "trackerwebapp.submission", "pk": 102, "fields": {"time_submitted": "2020-07-02T18:36:02.897Z", "teacher_url": "https://repl.it/teacher/submissions/13234196", "student_url": "https://repl.it/student/submissions/13234196", "exercise": "Voting Booth", "student": 20, "classroom": 7}}, {"model": "trackerwebapp.submission", "pk": 103, "fields": {"time_submitted": "2020-07-02T18:38:12.296Z", "teacher_url": "https://repl.it/teacher/submissions/13233804", "student_url": "https://repl.it/student/submissions/13233804", "exercise": "Deconstruction: Candy Treats", "student": 7, "classroom": 6}}, {"model": "trackerwebapp.submission", "pk": 104, "fields": {"time_submitted": "2020-07-02T18:39:28.016Z", "teacher_url": "https://repl.it/teacher/submissions/13234121", "student_url": "https://repl.it/student/submissions/13234121", "exercise": "Part 4: Multi-line Strings", "student": 18, "classroom": 8}}, {"model": "trackerwebapp.submission", "pk": 105, "fields": {"time_submitted": "2020-07-02T18:42:28.131Z", "teacher_url": "https://repl.it/teacher/submissions/13225034", "student_url": "https://repl.it/student/submissions/13225034", "exercise": "Introduction and Syntax", "student": 8, "classroom": 6}}, {"model": "trackerwebapp.submission", "pk": 106, "fields": {"time_submitted": "2020-07-02T18:45:56.439Z", "teacher_url": "https://repl.it/teacher/submissions/13234296", "student_url": "https://repl.it/student/submissions/13234296", "exercise": "Introduction and Syntax", "student": 20, "classroom": 6}}, {"model": "trackerwebapp.submission", "pk": 107, "fields": {"time_submitted": "2020-07-02T18:46:47.956Z", "teacher_url": "https://repl.it/teacher/submissions/13234319", "student_url": "https://repl.it/student/submissions/13234319", "exercise": "Paint the House", "student": 20, "classroom": 6}}, {"model": "trackerwebapp.submission", "pk": 108, "fields": {"time_submitted": "2020-07-02T18:49:41.849Z", "teacher_url": "https://repl.it/teacher/submissions/13234328", "student_url": "https://repl.it/student/submissions/13234328", "exercise": "Return to Sender", "student": 20, "classroom": 6}}, {"model": "trackerwebapp.submission", "pk": 109, "fields": {"time_submitted": "2020-07-02T18:50:56.317Z", "teacher_url": "https://repl.it/teacher/submissions/13234350", "student_url": "https://repl.it/student/submissions/13234350", "exercise": "Storing Return Values", "student": 20, "classroom": 6}}, {"model": "trackerwebapp.submission", "pk": 110, "fields": {"time_submitted": "2020-07-02T18:53:05.948Z", "teacher_url": "https://repl.it/teacher/submissions/13234362", "student_url": "https://repl.it/student/submissions/13234362", "exercise": "Storing Two Return Values", "student": 20, "classroom": 6}}, {"model": "trackerwebapp.submission", "pk": 111, "fields": {"time_submitted": "2020-07-02T18:54:41.610Z", "teacher_url": "https://repl.it/teacher/submissions/13234257", "student_url": "https://repl.it/student/submissions/13234257", "exercise": "Function Flow: Candy", "student": 7, "classroom": 6}}, {"model": "trackerwebapp.submission", "pk": 112, "fields": {"time_submitted": "2020-07-02T18:55:40.335Z", "teacher_url": "https://repl.it/teacher/submissions/13234262", "student_url": "https://repl.it/student/submissions/13234262", "exercise": "Part 5: Ill Logical Variables", "student": 18, "classroom": 8}}, {"model": "trackerwebapp.submission", "pk": 113, "fields": {"time_submitted": "2020-07-02T18:59:13.124Z", "teacher_url": "https://repl.it/teacher/submissions/13093920", "student_url": "https://repl.it/student/submissions/13093920", "exercise": "Adults only", "student": 23, "classroom": 5}}, {"model": "trackerwebapp.submission", "pk": 114, "fields": {"time_submitted": "2020-07-02T19:01:39.238Z", "teacher_url": "https://repl.it/teacher/submissions/13234381", "student_url": "https://repl.it/student/submissions/13234381", "exercise": "Function Flow: Introduction", "student": 20, "classroom": 6}}, {"model": "trackerwebapp.submission", "pk": 115, "fields": {"time_submitted": "2020-07-02T19:04:54.482Z", "teacher_url": "https://repl.it/teacher/submissions/13234442", "student_url": "https://repl.it/student/submissions/13234442", "exercise": "Function Flow: Add Then Multiply", "student": 20, "classroom": 6}}, {"model": "trackerwebapp.submission", "pk": 116, "fields": {"time_submitted": "2020-07-02T19:06:58.786Z", "teacher_url": "https://repl.it/teacher/submissions/13234388", "student_url": "https://repl.it/student/submissions/13234388", "exercise": "Converting Objects to Strings", "student": 7, "classroom": 6}}, {"model": "trackerwebapp.submission", "pk": 117, "fields": {"time_submitted": "2020-07-02T19:08:06.228Z", "teacher_url": "https://repl.it/teacher/submissions/13234248", "student_url": "https://repl.it/student/submissions/13234248", "exercise": "Part 9: Split Personalities", "student": 16, "classroom": 2}}, {"model": "trackerwebapp.submission", "pk": 118, "fields": {"time_submitted": "2020-07-02T19:15:48.802Z", "teacher_url": "https://repl.it/teacher/submissions/13234471", "student_url": "https://repl.it/student/submissions/13234471", "exercise": "Function Flow: Adding Properties", "student": 20, "classroom": 6}}, {"model": "trackerwebapp.submission", "pk": 119, "fields": {"time_submitted": "2020-07-02T19:16:53.455Z", "teacher_url": "https://repl.it/teacher/submissions/13234560", "student_url": "https://repl.it/student/submissions/13234560", "exercise": "Deconstruction: An Introduction", "student": 20, "classroom": 6}}, {"model": "trackerwebapp.submission", "pk": 120, "fields": {"time_submitted": "2020-07-02T19:20:13.322Z", "teacher_url": "https://repl.it/teacher/submissions/13234598", "student_url": "https://repl.it/student/submissions/13234598", "exercise": "Functions calling functions", "student": 21, "classroom": 3}}, {"model": "trackerwebapp.submission", "pk": 121, "fields": {"time_submitted": "2020-07-02T19:22:45.225Z", "teacher_url": "https://repl.it/teacher/submissions/13234571", "student_url": "https://repl.it/student/submissions/13234571", "exercise": "Deconstruction: Calculator", "student": 20, "classroom": 6}}, {"model": "trackerwebapp.submission", "pk": 122, "fields": {"time_submitted": "2020-07-02T19:28:05.314Z", "teacher_url": "https://repl.it/teacher/submissions/13224498", "student_url": "https://repl.it/student/submissions/13224498", "exercise": "Simple iteration of a collection", "student": 24, "classroom": 5}}, {"model": "trackerwebapp.submission", "pk": 123, "fields": {"time_submitted": "2020-07-02T19:30:17.439Z", "teacher_url": "https://repl.it/teacher/submissions/13234399", "student_url": "https://repl.it/student/submissions/13234399", "exercise": "Part 6: More or Less Party", "student": 18, "classroom": 8}}, {"model": "trackerwebapp.submission", "pk": 124, "fields": {"time_submitted": "2020-07-02T19:31:17.950Z", "teacher_url": "https://repl.it/teacher/submissions/13233621", "student_url": "https://repl.it/student/submissions/13233621", "exercise": "Functions calling functions", "student": 6, "classroom": 3}}, {"model": "trackerwebapp.submission", "pk": 125, "fields": {"time_submitted": "2020-07-02T19:31:53.055Z", "teacher_url": "https://repl.it/teacher/submissions/13234623", "student_url": "https://repl.it/student/submissions/13234623", "exercise": "Deconstruction: Car Factory", "student": 20, "classroom": 6}}, {"model": "trackerwebapp.submission", "pk": 126, "fields": {"time_submitted": "2020-07-02T19:33:12.809Z", "teacher_url": "https://repl.it/teacher/submissions/13113554", "student_url": "https://repl.it/student/submissions/13113554", "exercise": "Nested Conditions", "student": 22, "classroom": 4}}, {"model": "trackerwebapp.submission", "pk": 127, "fields": {"time_submitted": "2020-07-02T19:36:10.432Z", "teacher_url": "https://repl.it/teacher/submissions/13113570", "student_url": "https://repl.it/student/submissions/13113570", "exercise": "Simple iteration of a collection", "student": 22, "classroom": 5}}, {"model": "trackerwebapp.submission", "pk": 128, "fields": {"time_submitted": "2020-07-02T19:38:35.810Z", "teacher_url": "https://repl.it/teacher/submissions/13234696", "student_url": "https://repl.it/student/submissions/13234696", "exercise": "Deconstruction: Making Pottery for Profit", "student": 20, "classroom": 6}}, {"model": "trackerwebapp.submission", "pk": 129, "fields": {"time_submitted": "2020-07-02T19:48:10.258Z", "teacher_url": "https://repl.it/teacher/submissions/13234738", "student_url": "https://repl.it/student/submissions/13234738", "exercise": "Deconstruction: Candy Treats", "student": 20, "classroom": 6}}, {"model": "trackerwebapp.submission", "pk": 130, "fields": {"time_submitted": "2020-07-02T19:48:10.644Z", "teacher_url": "https://repl.it/teacher/submissions/13234723", "student_url": "https://repl.it/student/submissions/13234723", "exercise": "Building a sentence", "student": 22, "classroom": 5}}, {"model": "trackerwebapp.submission", "pk": 131, "fields": {"time_submitted": "2020-07-02T19:51:42.634Z", "teacher_url": "https://repl.it/teacher/submissions/13234808", "student_url": "https://repl.it/student/submissions/13234808", "exercise": "Using the Power of of", "student": 22, "classroom": 5}}, {"model": "trackerwebapp.submission", "pk": 132, "fields": {"time_submitted": "2020-07-02T19:56:25.794Z", "teacher_url": "https://repl.it/teacher/submissions/13234812", "student_url": "https://repl.it/student/submissions/13234812", "exercise": "Function Flow: Candy", "student": 20, "classroom": 6}}, {"model": "trackerwebapp.submission", "pk": 133, "fields": {"time_submitted": "2020-07-02T19:56:32.410Z", "teacher_url": "https://repl.it/teacher/submissions/13234691", "student_url": "https://repl.it/student/submissions/13234691", "exercise": "Car Factory Functions", "student": 6, "classroom": 3}}, {"model": "trackerwebapp.submission", "pk": 134, "fields": {"time_submitted": "2020-07-02T20:00:05.137Z", "teacher_url": "https://repl.it/teacher/submissions/13234807", "student_url": "https://repl.it/student/submissions/13234807", "exercise": "Part 4: Multi-line Strings", "student": 19, "classroom": 8}}, {"model": "trackerwebapp.submission", "pk": 135, "fields": {"time_submitted": "2020-07-02T20:06:54.247Z", "teacher_url": "https://repl.it/teacher/submissions/13234833", "student_url": "https://repl.it/student/submissions/13234833", "exercise": "Nested loops", "student": 22, "classroom": 5}}, {"model": "trackerwebapp.submission", "pk": 136, "fields": {"time_submitted": "2020-07-02T20:07:19.231Z", "teacher_url": "https://repl.it/teacher/submissions/13234862", "student_url": "https://repl.it/student/submissions/13234862", "exercise": "Converting Objects to Strings", "student": 20, "classroom": 6}}, {"model": "trackerwebapp.submission", "pk": 137, "fields": {"time_submitted": "2020-07-02T20:12:35.779Z", "teacher_url": "https://repl.it/teacher/submissions/13234960", "student_url": "https://repl.it/student/submissions/13234960", "exercise": "Using iteration to filter a collection", "student": 22, "classroom": 5}}, {"model": "trackerwebapp.submission", "pk": 138, "fields": {"time_submitted": "2020-07-02T20:21:50.036Z", "teacher_url": "https://repl.it/teacher/submissions/13235098", "student_url": "https://repl.it/student/submissions/13235098", "exercise": "Single Conditions", "student": 20, "classroom": 4}}, {"model": "trackerwebapp.submission", "pk": 139, "fields": {"time_submitted": "2020-07-02T20:24:12.983Z", "teacher_url": "https://repl.it/teacher/submissions/13235121", "student_url": "https://repl.it/student/submissions/13235121", "exercise": "Multiple Conditions", "student": 20, "classroom": 4}}, {"model": "trackerwebapp.submission", "pk": 140, "fields": {"time_submitted": "2020-07-02T20:28:09.559Z", "teacher_url": "https://repl.it/teacher/submissions/13235146", "student_url": "https://repl.it/student/submissions/13235146", "exercise": "Switch Statement", "student": 20, "classroom": 4}}, {"model": "trackerwebapp.submission", "pk": 141, "fields": {"time_submitted": "2020-07-02T20:34:31.434Z", "teacher_url": "https://repl.it/teacher/submissions/13235175", "student_url": "https://repl.it/student/submissions/13235175", "exercise": "Nested Conditions", "student": 20, "classroom": 4}}, {"model": "trackerwebapp.submission", "pk": 142, "fields": {"time_submitted": "2020-07-02T20:35:22.550Z", "teacher_url": "https://repl.it/teacher/submissions/13235242", "student_url": "https://repl.it/student/submissions/13235242", "exercise": "Deconstruction: Candy Treats", "student": 25, "classroom": 6}}, {"model": "trackerwebapp.submission", "pk": 143, "fields": {"time_submitted": "2020-07-02T20:53:11.072Z", "teacher_url": "https://repl.it/teacher/submissions/13235376", "student_url": "https://repl.it/student/submissions/13235376", "exercise": "Simple iteration of a collection", "student": 20, "classroom": 5}}, {"model": "trackerwebapp.submission", "pk": 144, "fields": {"time_submitted": "2020-07-02T20:56:15.802Z", "teacher_url": "https://repl.it/teacher/submissions/13235385", "student_url": "https://repl.it/student/submissions/13235385", "exercise": "Building a sentence", "student": 20, "classroom": 5}}, {"model": "trackerwebapp.submission", "pk": 145, "fields": {"time_submitted": "2020-07-02T20:57:12.667Z", "teacher_url": "https://repl.it/teacher/submissions/13235409", "student_url": "https://repl.it/student/submissions/13235409", "exercise": "Using the Power of of", "student": 20, "classroom": 5}}, {"model": "trackerwebapp.submission", "pk": 146, "fields": {"time_submitted": "2020-07-02T20:59:52.006Z", "teacher_url": "https://repl.it/teacher/submissions/13235417", "student_url": "https://repl.it/student/submissions/13235417", "exercise": "Nested loops", "student": 20, "classroom": 5}}, {"model": "trackerwebapp.submission", "pk": 147, "fields": {"time_submitted": "2020-07-02T21:05:16.853Z", "teacher_url": "https://repl.it/teacher/submissions/13235436", "student_url": "https://repl.it/student/submissions/13235436", "exercise": "Using iteration to filter a collection", "student": 20, "classroom": 5}}, {"model": "trackerwebapp.submission", "pk": 148, "fields": {"time_submitted": "2020-07-02T21:10:22.154Z", "teacher_url": "https://repl.it/teacher/submissions/13235511", "student_url": "https://repl.it/student/submissions/13235511", "exercise": "Adults only", "student": 20, "classroom": 5}}, {"model": "trackerwebapp.submission", "pk": 149, "fields": {"time_submitted": "2020-07-02T21:13:37.619Z", "teacher_url": "https://repl.it/teacher/submissions/13235557", "student_url": "https://repl.it/student/submissions/13235557", "exercise": "Using iteration to create a new collection", "student": 20, "classroom": 5}}, {"model": "trackerwebapp.submission", "pk": 150, "fields": {"time_submitted": "2020-07-02T21:18:06.833Z", "teacher_url": "https://repl.it/teacher/submissions/13235619", "student_url": "https://repl.it/student/submissions/13235619", "exercise": "Wedding Function", "student": 20, "classroom": 3}}, {"model": "trackerwebapp.submission", "pk": 151, "fields": {"time_submitted": "2020-07-02T21:25:51.032Z", "teacher_url": "https://repl.it/teacher/submissions/13235668", "student_url": "https://repl.it/student/submissions/13235668", "exercise": "Function Parameters and Arguments", "student": 20, "classroom": 3}}, {"model": "trackerwebapp.submission", "pk": 152, "fields": {"time_submitted": "2020-07-02T21:29:13.815Z", "teacher_url": "https://repl.it/teacher/submissions/13235751", "student_url": "https://repl.it/student/submissions/13235751", "exercise": "Making a journal entry component", "student": 20, "classroom": 3}}, {"model": "trackerwebapp.submission", "pk": 153, "fields": {"time_submitted": "2020-07-02T21:45:20.454Z", "teacher_url": "https://repl.it/teacher/submissions/13235777", "student_url": "https://repl.it/student/submissions/13235777", "exercise": "Student Assignments", "student": 20, "classroom": 3}}, {"model": "trackerwebapp.submission", "pk": 154, "fields": {"time_submitted": "2020-07-02T21:49:00.204Z", "teacher_url": "https://repl.it/teacher/submissions/13225031", "student_url": "https://repl.it/student/submissions/13225031", "exercise": "Paint the House", "student": 8, "classroom": 6}}, {"model": "trackerwebapp.submission", "pk": 155, "fields": {"time_submitted": "2020-07-02T22:02:12.797Z", "teacher_url": "https://repl.it/teacher/submissions/13234238", "student_url": "https://repl.it/student/submissions/13234238", "exercise": "Function Flow: Adding Properties", "student": 22, "classroom": 6}}, {"model": "trackerwebapp.submission", "pk": 156, "fields": {"time_submitted": "2020-07-02T22:06:05.167Z", "teacher_url": "https://repl.it/teacher/submissions/13236012", "student_url": "https://repl.it/student/submissions/13236012", "exercise": "Car Factory Functions", "student": 20, "classroom": 3}}, {"model": "trackerwebapp.submission", "pk": 157, "fields": {"time_submitted": "2020-07-02T22:14:45.216Z", "teacher_url": "https://repl.it/teacher/submissions/13236013", "student_url": "https://repl.it/student/submissions/13236013", "exercise": "Return to Sender", "student": 8, "classroom": 6}}, {"model": "trackerwebapp.submission", "pk": 158, "fields": {"time_submitted": "2020-07-02T22:18:27.556Z", "teacher_url": "https://repl.it/teacher/submissions/13235410", "student_url": "https://repl.it/student/submissions/13235410", "exercise": "Deconstruction: An Introduction", "student": 22, "classroom": 6}}, {"model": "trackerwebapp.submission", "pk": 159, "fields": {"time_submitted": "2020-07-02T22:18:58.278Z", "teacher_url": "https://repl.it/teacher/submissions/13236201", "student_url": "https://repl.it/student/submissions/13236201", "exercise": "Storing Return Values", "student": 8, "classroom": 6}}, {"model": "trackerwebapp.submission", "pk": 160, "fields": {"time_submitted": "2020-07-02T22:22:47.974Z", "teacher_url": "https://repl.it/teacher/submissions/13235962", "student_url": "https://repl.it/student/submissions/13235962", "exercise": "Functions calling functions", "student": 20, "classroom": 3}}, {"model": "trackerwebapp.submission", "pk": 161, "fields": {"time_submitted": "2020-07-02T22:47:25.605Z", "teacher_url": "https://repl.it/teacher/submissions/13236232", "student_url": "https://repl.it/student/submissions/13236232", "exercise": "Storing Two Return Values", "student": 8, "classroom": 6}}, {"model": "trackerwebapp.submission", "pk": 162, "fields": {"time_submitted": "2020-07-02T22:52:37.234Z", "teacher_url": "https://repl.it/teacher/submissions/13233173", "student_url": "https://repl.it/student/submissions/13233173", "exercise": "Single Conditions", "student": 26, "classroom": 4}}, {"model": "trackerwebapp.submission", "pk": 163, "fields": {"time_submitted": "2020-07-02T22:57:20.904Z", "teacher_url": "https://repl.it/teacher/submissions/13236510", "student_url": "https://repl.it/student/submissions/13236510", "exercise": "Multiple Conditions", "student": 26, "classroom": 4}}, {"model": "trackerwebapp.submission", "pk": 164, "fields": {"time_submitted": "2020-07-02T23:01:15.610Z", "teacher_url": "https://repl.it/teacher/submissions/13236556", "student_url": "https://repl.it/student/submissions/13236556", "exercise": "Switch Statement", "student": 26, "classroom": 4}}, {"model": "trackerwebapp.submission", "pk": 165, "fields": {"time_submitted": "2020-07-02T23:07:42.550Z", "teacher_url": "https://repl.it/teacher/submissions/13236586", "student_url": "https://repl.it/student/submissions/13236586", "exercise": "Nested Conditions", "student": 26, "classroom": 4}}, {"model": "trackerwebapp.submission", "pk": 166, "fields": {"time_submitted": "2020-07-02T23:52:30.165Z", "teacher_url": "https://repl.it/teacher/submissions/13143174", "student_url": "https://repl.it/student/submissions/13143174", "exercise": "Review: Variables", "student": 27, "classroom": 8}}, {"model": "trackerwebapp.submission", "pk": 167, "fields": {"time_submitted": "2020-07-02T23:55:02.025Z", "teacher_url": "https://repl.it/teacher/submissions/13188486", "student_url": "https://repl.it/student/submissions/13188486", "exercise": "Functions calling functions", "student": 28, "classroom": 3}}, {"model": "trackerwebapp.submission", "pk": 168, "fields": {"time_submitted": "2020-07-02T23:57:36.936Z", "teacher_url": "https://repl.it/teacher/submissions/13083735", "student_url": "https://repl.it/student/submissions/13083735", "exercise": "Part 1: Cleaning the Dishes", "student": 27, "classroom": 2}}, {"model": "trackerwebapp.submission", "pk": 169, "fields": {"time_submitted": "2020-07-03T00:58:43.148Z", "teacher_url": "https://repl.it/teacher/submissions/13188466", "student_url": "https://repl.it/student/submissions/13188466", "exercise": "Car Factory Functions", "student": 28, "classroom": 3}}, {"model": "trackerwebapp.submission", "pk": 170, "fields": {"time_submitted": "2020-07-03T01:39:22.265Z", "teacher_url": "https://repl.it/teacher/submissions/12983943", "student_url": "https://repl.it/student/submissions/12983943", "exercise": "Function Flow: Candy", "student": 25, "classroom": 6}}, {"model": "trackerwebapp.submission", "pk": 171, "fields": {"time_submitted": "2020-07-03T01:45:09.882Z", "teacher_url": "https://repl.it/teacher/submissions/13237642", "student_url": "https://repl.it/student/submissions/13237642", "exercise": "Converting Objects to Strings", "student": 25, "classroom": 6}}, {"model": "trackerwebapp.submission", "pk": 172, "fields": {"time_submitted": "2020-07-03T02:00:48.995Z", "teacher_url": "https://repl.it/teacher/submissions/13237676", "student_url": "https://repl.it/student/submissions/13237676", "exercise": "Student Assignments", "student": 25, "classroom": 3}}, {"model": "trackerwebapp.submission", "pk": 173, "fields": {"time_submitted": "2020-07-03T03:01:50.790Z", "teacher_url": "https://repl.it/teacher/submissions/13238084", "student_url": "https://repl.it/student/submissions/13238084", "exercise": "Part 1: Variables and Values", "student": 29, "classroom": 8}}, {"model": "trackerwebapp.submission", "pk": 174, "fields": {"time_submitted": "2020-07-03T03:19:01.686Z", "teacher_url": "https://repl.it/teacher/submissions/13238158", "student_url": "https://repl.it/student/submissions/13238158", "exercise": "Part 2: String Values in Variables", "student": 29, "classroom": 8}}, {"model": "trackerwebapp.submission", "pk": 175, "fields": {"time_submitted": "2020-07-03T03:26:44.249Z", "teacher_url": "https://repl.it/teacher/submissions/13238225", "student_url": "https://repl.it/student/submissions/13238225", "exercise": "Part 3: \"Scary\" Math with Variables", "student": 29, "classroom": 8}}, {"model": "trackerwebapp.submission", "pk": 176, "fields": {"time_submitted": "2020-07-03T03:39:02.100Z", "teacher_url": "https://repl.it/teacher/submissions/13238261", "student_url": "https://repl.it/student/submissions/13238261", "exercise": "Part 4: Multi-line Strings", "student": 29, "classroom": 8}}, {"model": "trackerwebapp.submission", "pk": 177, "fields": {"time_submitted": "2020-07-03T03:43:04.882Z", "teacher_url": "https://repl.it/teacher/submissions/13238334", "student_url": "https://repl.it/student/submissions/13238334", "exercise": "Part 5: Ill Logical Variables", "student": 29, "classroom": 8}}, {"model": "trackerwebapp.submission", "pk": 178, "fields": {"time_submitted": "2020-07-03T03:57:42.093Z", "teacher_url": "https://repl.it/teacher/submissions/13238357", "student_url": "https://repl.it/student/submissions/13238357", "exercise": "Part 6: More or Less Party", "student": 29, "classroom": 8}}, {"model": "trackerwebapp.submission", "pk": 179, "fields": {"time_submitted": "2020-07-03T04:36:11.368Z", "teacher_url": "https://repl.it/teacher/submissions/13053430", "student_url": "https://repl.it/student/submissions/13053430", "exercise": "Part 9: Split Personalities", "student": 30, "classroom": 2}}, {"model": "trackerwebapp.submission", "pk": 180, "fields": {"time_submitted": "2020-07-03T05:43:07.160Z", "teacher_url": "https://repl.it/teacher/submissions/13229703", "student_url": "https://repl.it/student/submissions/13229703", "exercise": "Function Flow: Add Then Multiply", "student": 13, "classroom": 6}}, {"model": "trackerwebapp.submission", "pk": 181, "fields": {"time_submitted": "2020-07-03T06:57:12.047Z", "teacher_url": "https://repl.it/teacher/submissions/13238957", "student_url": "https://repl.it/student/submissions/13238957", "exercise": "Function Flow: Adding Properties", "student": 13, "classroom": 6}}, {"model": "trackerwebapp.submission", "pk": 182, "fields": {"time_submitted": "2020-07-03T07:01:32.817Z", "teacher_url": "https://repl.it/teacher/submissions/13239219", "student_url": "https://repl.it/student/submissions/13239219", "exercise": "Deconstruction: An Introduction", "student": 13, "classroom": 6}}, {"model": "trackerwebapp.submission", "pk": 183, "fields": {"time_submitted": "2020-07-03T07:26:08.271Z", "teacher_url": "https://repl.it/teacher/submissions/13239242", "student_url": "https://repl.it/student/submissions/13239242", "exercise": "Deconstruction: Calculator", "student": 13, "classroom": 6}}, {"model": "trackerwebapp.submission", "pk": 184, "fields": {"time_submitted": "2020-07-03T08:09:07.564Z", "teacher_url": "https://repl.it/teacher/submissions/13239321", "student_url": "https://repl.it/student/submissions/13239321", "exercise": "Deconstruction: Car Factory", "student": 13, "classroom": 6}}, {"model": "trackerwebapp.submission", "pk": 185, "fields": {"time_submitted": "2020-07-03T08:36:39.823Z", "teacher_url": "https://repl.it/teacher/submissions/13239440", "student_url": "https://repl.it/student/submissions/13239440", "exercise": "Deconstruction: Making Pottery for Profit", "student": 13, "classroom": 6}}, {"model": "trackerwebapp.submission", "pk": 186, "fields": {"time_submitted": "2020-07-03T09:19:31.634Z", "teacher_url": "https://repl.it/teacher/submissions/13239564", "student_url": "https://repl.it/student/submissions/13239564", "exercise": "Deconstruction: Candy Treats", "student": 13, "classroom": 6}}, {"model": "trackerwebapp.submission", "pk": 187, "fields": {"time_submitted": "2020-07-03T13:11:53.718Z", "teacher_url": "https://repl.it/teacher/submissions/13236230", "student_url": "https://repl.it/student/submissions/13236230", "exercise": "Deconstruction: Calculator", "student": 22, "classroom": 6}}, {"model": "trackerwebapp.submission", "pk": 188, "fields": {"time_submitted": "2020-07-03T15:21:15.316Z", "teacher_url": "https://repl.it/teacher/submissions/13227743", "student_url": "https://repl.it/student/submissions/13227743", "exercise": "Review: Variables", "student": 9, "classroom": 8}}, {"model": "trackerwebapp.submission", "pk": 189, "fields": {"time_submitted": "2020-07-03T15:23:09.006Z", "teacher_url": "https://repl.it/teacher/submissions/13241239", "student_url": "https://repl.it/student/submissions/13241239", "exercise": "Deconstruction: Car Factory", "student": 22, "classroom": 6}}, {"model": "trackerwebapp.submission", "pk": 190, "fields": {"time_submitted": "2020-07-03T15:27:20.291Z", "teacher_url": "https://repl.it/teacher/submissions/13234672", "student_url": "https://repl.it/student/submissions/13234672", "exercise": "Building a sentence", "student": 24, "classroom": 5}}, {"model": "trackerwebapp.submission", "pk": 191, "fields": {"time_submitted": "2020-07-03T15:29:41.641Z", "teacher_url": "https://repl.it/teacher/submissions/13234900", "student_url": "https://repl.it/student/submissions/13234900", "exercise": "Part 5: Ill Logical Variables", "student": 19, "classroom": 8}}, {"model": "trackerwebapp.submission", "pk": 192, "fields": {"time_submitted": "2020-07-03T15:32:27.507Z", "teacher_url": "https://repl.it/teacher/submissions/13225422", "student_url": "https://repl.it/student/submissions/13225422", "exercise": "Part 6: Average Miles", "student": 9, "classroom": 2}}, {"model": "trackerwebapp.submission", "pk": 193, "fields": {"time_submitted": "2020-07-03T16:01:58.989Z", "teacher_url": "https://repl.it/teacher/submissions/13242360", "student_url": "https://repl.it/student/submissions/13242360", "exercise": "Part 7: Sleep and Moods", "student": 9, "classroom": 2}}, {"model": "trackerwebapp.submission", "pk": 194, "fields": {"time_submitted": "2020-07-03T16:03:37.191Z", "teacher_url": "https://repl.it/teacher/submissions/13242337", "student_url": "https://repl.it/student/submissions/13242337", "exercise": "Part 6: More or Less Party", "student": 19, "classroom": 8}}, {"model": "trackerwebapp.submission", "pk": 195, "fields": {"time_submitted": "2020-07-03T16:18:31.693Z", "teacher_url": "https://repl.it/teacher/submissions/13242624", "student_url": "https://repl.it/student/submissions/13242624", "exercise": "Part 7: Sleep and Moods", "student": 12, "classroom": 2}}, {"model": "trackerwebapp.submission", "pk": 196, "fields": {"time_submitted": "2020-07-03T16:26:32.951Z", "teacher_url": "https://repl.it/teacher/submissions/13242674", "student_url": "https://repl.it/student/submissions/13242674", "exercise": "Part 8: How Do You Like Your Coffee?", "student": 12, "classroom": 2}}, {"model": "trackerwebapp.submission", "pk": 197, "fields": {"time_submitted": "2020-07-03T16:29:56.838Z", "teacher_url": "https://repl.it/teacher/submissions/13242584", "student_url": "https://repl.it/student/submissions/13242584", "exercise": "Review: Variables", "student": 19, "classroom": 8}}, {"model": "trackerwebapp.submission", "pk": 198, "fields": {"time_submitted": "2020-07-03T16:32:45.733Z", "teacher_url": "https://repl.it/teacher/submissions/13242730", "student_url": "https://repl.it/student/submissions/13242730", "exercise": "Introduction and Syntax", "student": 19, "classroom": 2}}, {"model": "trackerwebapp.submission", "pk": 199, "fields": {"time_submitted": "2020-07-03T17:20:05.506Z", "teacher_url": "https://repl.it/teacher/submissions/13237735", "student_url": "https://repl.it/student/submissions/13237735", "exercise": "Functions calling functions", "student": 25, "classroom": 3}}, {"model": "trackerwebapp.submission", "pk": 200, "fields": {"time_submitted": "2020-07-03T17:44:34.447Z", "teacher_url": "https://repl.it/teacher/submissions/13242742", "student_url": "https://repl.it/student/submissions/13242742", "exercise": "Part 1: Cleaning the Dishes", "student": 19, "classroom": 2}}, {"model": "trackerwebapp.submission", "pk": 201, "fields": {"time_submitted": "2020-07-03T17:52:31.352Z", "teacher_url": "https://repl.it/teacher/submissions/13243219", "student_url": "https://repl.it/student/submissions/13243219", "exercise": "Part 2: Programming Topics", "student": 19, "classroom": 2}}, {"model": "trackerwebapp.submission", "pk": 202, "fields": {"time_submitted": "2020-07-03T18:19:20.903Z", "teacher_url": "https://repl.it/teacher/submissions/13243286", "student_url": "https://repl.it/student/submissions/13243286", "exercise": "Part 3: The Hairy Potter", "student": 19, "classroom": 2}}, {"model": "trackerwebapp.submission", "pk": 203, "fields": {"time_submitted": "2020-07-03T18:55:32.783Z", "teacher_url": "https://repl.it/teacher/submissions/13243450", "student_url": "https://repl.it/student/submissions/13243450", "exercise": "Part 4: Fast Food Worker", "student": 19, "classroom": 2}}, {"model": "trackerwebapp.submission", "pk": 204, "fields": {"time_submitted": "2020-07-03T19:14:04.532Z", "teacher_url": "https://repl.it/teacher/submissions/13243671", "student_url": "https://repl.it/student/submissions/13243671", "exercise": "Part 5: Yearly Grocery Costs", "student": 19, "classroom": 2}}, {"model": "trackerwebapp.submission", "pk": 205, "fields": {"time_submitted": "2020-07-03T20:48:30.009Z", "teacher_url": "https://repl.it/teacher/submissions/13238876", "student_url": "https://repl.it/student/submissions/13238876", "exercise": "Function Flow: Introduction", "student": 8, "classroom": 6}}, {"model": "trackerwebapp.submission", "pk": 206, "fields": {"time_submitted": "2020-07-03T20:51:47.374Z", "teacher_url": "https://repl.it/teacher/submissions/13244384", "student_url": "https://repl.it/student/submissions/13244384", "exercise": "Part 6: Average Miles", "student": 19, "classroom": 2}}, {"model": "trackerwebapp.submission", "pk": 207, "fields": {"time_submitted": "2020-07-03T21:07:44.109Z", "teacher_url": "https://repl.it/teacher/submissions/13244460", "student_url": "https://repl.it/student/submissions/13244460", "exercise": "Part 7: Sleep and Moods", "student": 19, "classroom": 2}}, {"model": "trackerwebapp.submission", "pk": 208, "fields": {"time_submitted": "2020-07-03T21:07:59.632Z", "teacher_url": "https://repl.it/teacher/submissions/13227282", "student_url": "https://repl.it/student/submissions/13227282", "exercise": "Function Parameters and Arguments", "student": 4, "classroom": 3}}, {"model": "trackerwebapp.submission", "pk": 209, "fields": {"time_submitted": "2020-07-03T21:13:28.701Z", "teacher_url": "https://repl.it/teacher/submissions/13244570", "student_url": "https://repl.it/student/submissions/13244570", "exercise": "Making a journal entry component", "student": 4, "classroom": 3}}, {"model": "trackerwebapp.submission", "pk": 210, "fields": {"time_submitted": "2020-07-03T21:13:38.181Z", "teacher_url": "https://repl.it/teacher/submissions/13244589", "student_url": "https://repl.it/student/submissions/13244589", "exercise": "Review: Variables", "student": 28, "classroom": 8}}, {"model": "trackerwebapp.submission", "pk": 211, "fields": {"time_submitted": "2020-07-03T21:15:23.038Z", "teacher_url": "https://repl.it/teacher/submissions/13244442", "student_url": "https://repl.it/student/submissions/13244442", "exercise": "Function Flow: Add Then Multiply", "student": 8, "classroom": 6}}, {"model": "trackerwebapp.submission", "pk": 212, "fields": {"time_submitted": "2020-07-03T21:37:37.599Z", "teacher_url": "https://repl.it/teacher/submissions/13244592", "student_url": "https://repl.it/student/submissions/13244592", "exercise": "Student Assignments", "student": 4, "classroom": 3}}, {"model": "trackerwebapp.submission", "pk": 213, "fields": {"time_submitted": "2020-07-03T21:38:14.423Z", "teacher_url": "https://repl.it/teacher/submissions/13242709", "student_url": "https://repl.it/student/submissions/13242709", "exercise": "Part 9: Split Personalities", "student": 12, "classroom": 2}}, {"model": "trackerwebapp.submission", "pk": 214, "fields": {"time_submitted": "2020-07-03T21:40:32.378Z", "teacher_url": "https://repl.it/teacher/submissions/13182900", "student_url": "https://repl.it/student/submissions/13182900", "exercise": "Function Flow: Candy", "student": 28, "classroom": 6}}, {"model": "trackerwebapp.submission", "pk": 215, "fields": {"time_submitted": "2020-07-03T22:03:45.338Z", "teacher_url": "https://repl.it/teacher/submissions/13182952", "student_url": "https://repl.it/student/submissions/13182952", "exercise": "Converting Objects to Strings", "student": 28, "classroom": 6}}, {"model": "trackerwebapp.submission", "pk": 216, "fields": {"time_submitted": "2020-07-03T22:51:08.508Z", "teacher_url": "https://repl.it/teacher/submissions/13245150", "student_url": "https://repl.it/student/submissions/13245150", "exercise": "Using iteration to create a new collection", "student": 23, "classroom": 5}}, {"model": "trackerwebapp.submission", "pk": 217, "fields": {"time_submitted": "2020-07-03T23:13:33.625Z", "teacher_url": "https://repl.it/teacher/submissions/13243319", "student_url": "https://repl.it/student/submissions/13243319", "exercise": "Deconstruction: Making Pottery for Profit", "student": 22, "classroom": 6}}, {"model": "trackerwebapp.submission", "pk": 218, "fields": {"time_submitted": "2020-07-03T23:33:19.025Z", "teacher_url": "https://repl.it/teacher/submissions/13245299", "student_url": "https://repl.it/student/submissions/13245299", "exercise": "Part 3: \"Scary\" Math with Variables", "student": 31, "classroom": 8}}, {"model": "trackerwebapp.submission", "pk": 219, "fields": {"time_submitted": "2020-07-04T01:05:29.961Z", "teacher_url": "https://repl.it/teacher/submissions/13226324", "student_url": "https://repl.it/student/submissions/13226324", "exercise": "Deconstruction: Car Factory", "student": 11, "classroom": 6}}, {"model": "trackerwebapp.submission", "pk": 220, "fields": {"time_submitted": "2020-07-04T01:36:26.919Z", "teacher_url": "https://repl.it/teacher/submissions/13245740", "student_url": "https://repl.it/student/submissions/13245740", "exercise": "Deconstruction: Making Pottery for Profit", "student": 11, "classroom": 6}}, {"model": "trackerwebapp.submission", "pk": 221, "fields": {"time_submitted": "2020-07-04T01:52:16.460Z", "teacher_url": "https://repl.it/teacher/submissions/13232681", "student_url": "https://repl.it/student/submissions/13232681", "exercise": "Introduction and Syntax", "student": 15, "classroom": 6}}, {"model": "trackerwebapp.submission", "pk": 222, "fields": {"time_submitted": "2020-07-04T01:53:39.763Z", "teacher_url": "https://repl.it/teacher/submissions/13245970", "student_url": "https://repl.it/student/submissions/13245970", "exercise": "Paint the House", "student": 15, "classroom": 6}}, {"model": "trackerwebapp.submission", "pk": 223, "fields": {"time_submitted": "2020-07-04T02:45:26.630Z", "teacher_url": "https://repl.it/teacher/submissions/13245973", "student_url": "https://repl.it/student/submissions/13245973", "exercise": "Return to Sender", "student": 15, "classroom": 6}}, {"model": "trackerwebapp.submission", "pk": 224, "fields": {"time_submitted": "2020-07-04T02:47:34.371Z", "teacher_url": "https://repl.it/teacher/submissions/13246141", "student_url": "https://repl.it/student/submissions/13246141", "exercise": "Storing Return Values", "student": 15, "classroom": 6}}, {"model": "trackerwebapp.submission", "pk": 225, "fields": {"time_submitted": "2020-07-04T04:50:37.981Z", "teacher_url": "https://repl.it/teacher/submissions/13246413", "student_url": "https://repl.it/student/submissions/13246413", "exercise": "Function Parameters and Arguments", "student": 32, "classroom": 3}}, {"model": "trackerwebapp.submission", "pk": 226, "fields": {"time_submitted": "2020-07-04T06:47:31.929Z", "teacher_url": "https://repl.it/teacher/submissions/13246750", "student_url": "https://repl.it/student/submissions/13246750", "exercise": "Wedding Function", "student": 21, "classroom": 3}}, {"model": "trackerwebapp.submission", "pk": 227, "fields": {"time_submitted": "2020-07-04T08:01:29.687Z", "teacher_url": "https://repl.it/teacher/submissions/13241236", "student_url": "https://repl.it/student/submissions/13241236", "exercise": "Deconstruction: Candy Treats", "student": 22, "classroom": 6}}, {"model": "trackerwebapp.submission", "pk": 228, "fields": {"time_submitted": "2020-07-04T11:14:30.304Z", "teacher_url": "https://repl.it/teacher/submissions/13247304", "student_url": "https://repl.it/student/submissions/13247304", "exercise": "Wedding Function", "student": 28, "classroom": 3}}, {"model": "trackerwebapp.submission", "pk": 229, "fields": {"time_submitted": "2020-07-04T12:55:11.707Z", "teacher_url": "https://repl.it/teacher/submissions/13247443", "student_url": "https://repl.it/student/submissions/13247443", "exercise": "Review: Variables", "student": 18, "classroom": 8}}, {"model": "trackerwebapp.submission", "pk": 230, "fields": {"time_submitted": "2020-07-04T13:03:49.968Z", "teacher_url": "https://repl.it/teacher/submissions/13247572", "student_url": "https://repl.it/student/submissions/13247572", "exercise": "Introduction and Syntax", "student": 18, "classroom": 2}}, {"model": "trackerwebapp.submission", "pk": 231, "fields": {"time_submitted": "2020-07-04T13:05:43.864Z", "teacher_url": "https://repl.it/teacher/submissions/13247560", "student_url": "https://repl.it/student/submissions/13247560", "exercise": "Part 1: Cleaning the Dishes", "student": 18, "classroom": 2}}, {"model": "trackerwebapp.submission", "pk": 232, "fields": {"time_submitted": "2020-07-04T13:16:58.497Z", "teacher_url": "https://repl.it/teacher/submissions/13247585", "student_url": "https://repl.it/student/submissions/13247585", "exercise": "Part 2: Programming Topics", "student": 18, "classroom": 2}}, {"model": "trackerwebapp.submission", "pk": 233, "fields": {"time_submitted": "2020-07-04T13:33:17.229Z", "teacher_url": "https://repl.it/teacher/submissions/13247618", "student_url": "https://repl.it/student/submissions/13247618", "exercise": "Part 3: The Hairy Potter", "student": 18, "classroom": 2}}, {"model": "trackerwebapp.submission", "pk": 234, "fields": {"time_submitted": "2020-07-04T13:40:36.418Z", "teacher_url": "https://repl.it/teacher/submissions/13247673", "student_url": "https://repl.it/student/submissions/13247673", "exercise": "Part 4: Fast Food Worker", "student": 18, "classroom": 2}}, {"model": "trackerwebapp.submission", "pk": 235, "fields": {"time_submitted": "2020-07-04T13:50:53.182Z", "teacher_url": "https://repl.it/teacher/submissions/13247700", "student_url": "https://repl.it/student/submissions/13247700", "exercise": "Part 5: Yearly Grocery Costs", "student": 18, "classroom": 2}}, {"model": "trackerwebapp.submission", "pk": 236, "fields": {"time_submitted": "2020-07-04T14:13:09.427Z", "teacher_url": "https://repl.it/teacher/submissions/13247594", "student_url": "https://repl.it/student/submissions/13247594", "exercise": "Wedding Function", "student": 33, "classroom": 3}}, {"model": "trackerwebapp.submission", "pk": 237, "fields": {"time_submitted": "2020-07-04T14:41:55.964Z", "teacher_url": "https://repl.it/teacher/submissions/13247989", "student_url": "https://repl.it/student/submissions/13247989", "exercise": "Introduction and Syntax", "student": 31, "classroom": 7}}, {"model": "trackerwebapp.submission", "pk": 238, "fields": {"time_submitted": "2020-07-04T14:45:07.462Z", "teacher_url": "https://repl.it/teacher/submissions/13248008", "student_url": "https://repl.it/student/submissions/13248008", "exercise": "Flower Shop", "student": 31, "classroom": 7}}, {"model": "trackerwebapp.submission", "pk": 239, "fields": {"time_submitted": "2020-07-04T14:50:59.537Z", "teacher_url": "https://repl.it/teacher/submissions/13248019", "student_url": "https://repl.it/student/submissions/13248019", "exercise": "Doctor Office Schedule", "student": 31, "classroom": 7}}, {"model": "trackerwebapp.submission", "pk": 240, "fields": {"time_submitted": "2020-07-04T14:56:21.031Z", "teacher_url": "https://repl.it/teacher/submissions/13248049", "student_url": "https://repl.it/student/submissions/13248049", "exercise": "Sales Associate", "student": 31, "classroom": 7}}, {"model": "trackerwebapp.submission", "pk": 241, "fields": {"time_submitted": "2020-07-04T14:58:06.405Z", "teacher_url": "https://repl.it/teacher/submissions/13248071", "student_url": "https://repl.it/student/submissions/13248071", "exercise": "Librarian and the Book", "student": 31, "classroom": 7}}, {"model": "trackerwebapp.submission", "pk": 242, "fields": {"time_submitted": "2020-07-04T14:59:05.856Z", "teacher_url": "https://repl.it/teacher/submissions/13248085", "student_url": "https://repl.it/student/submissions/13248085", "exercise": "GoldFish Tanks", "student": 31, "classroom": 7}}, {"model": "trackerwebapp.submission", "pk": 243, "fields": {"time_submitted": "2020-07-04T15:07:38.132Z", "teacher_url": "https://repl.it/teacher/submissions/13247932", "student_url": "https://repl.it/student/submissions/13247932", "exercise": "Voting Booth", "student": 31, "classroom": 7}}, {"model": "trackerwebapp.submission", "pk": 244, "fields": {"time_submitted": "2020-07-04T15:22:04.545Z", "teacher_url": "https://repl.it/teacher/submissions/13248232", "student_url": "https://repl.it/student/submissions/13248232", "exercise": "Wedding Function", "student": 32, "classroom": 3}}, {"model": "trackerwebapp.submission", "pk": 245, "fields": {"time_submitted": "2020-07-04T18:25:35.974Z", "teacher_url": "https://repl.it/teacher/submissions/13243352", "student_url": "https://repl.it/student/submissions/13243352", "exercise": "Function Flow: Candy", "student": 22, "classroom": 6}}, {"model": "trackerwebapp.submission", "pk": 246, "fields": {"time_submitted": "2020-07-04T18:55:41.132Z", "teacher_url": "https://repl.it/teacher/submissions/13233342", "student_url": "https://repl.it/student/submissions/13233342", "exercise": "Converting Objects to Strings", "student": 22, "classroom": 6}}, {"model": "trackerwebapp.submission", "pk": 247, "fields": {"time_submitted": "2020-07-04T20:13:04.770Z", "teacher_url": "https://repl.it/teacher/submissions/13249671", "student_url": "https://repl.it/student/submissions/13249671", "exercise": "Part 1: Variables and Values", "student": 34, "classroom": 8}}, {"model": "trackerwebapp.submission", "pk": 248, "fields": {"time_submitted": "2020-07-04T20:21:32.440Z", "teacher_url": "https://repl.it/teacher/submissions/13249733", "student_url": "https://repl.it/student/submissions/13249733", "exercise": "Part 2: String Values in Variables", "student": 34, "classroom": 8}}, {"model": "trackerwebapp.submission", "pk": 249, "fields": {"time_submitted": "2020-07-04T20:32:51.445Z", "teacher_url": "https://repl.it/teacher/submissions/13249771", "student_url": "https://repl.it/student/submissions/13249771", "exercise": "Part 3: \"Scary\" Math with Variables", "student": 34, "classroom": 8}}, {"model": "trackerwebapp.submission", "pk": 250, "fields": {"time_submitted": "2020-07-04T20:36:37.661Z", "teacher_url": "https://repl.it/teacher/submissions/13169371", "student_url": "https://repl.it/student/submissions/13169371", "exercise": "Deconstruction: Candy Treats", "student": 35, "classroom": 6}}, {"model": "trackerwebapp.submission", "pk": 251, "fields": {"time_submitted": "2020-07-04T20:40:48.118Z", "teacher_url": "https://repl.it/teacher/submissions/13249812", "student_url": "https://repl.it/student/submissions/13249812", "exercise": "Part 4: Multi-line Strings", "student": 34, "classroom": 8}}, {"model": "trackerwebapp.submission", "pk": 252, "fields": {"time_submitted": "2020-07-04T20:46:34.550Z", "teacher_url": "https://repl.it/teacher/submissions/13249843", "student_url": "https://repl.it/student/submissions/13249843", "exercise": "Part 5: Ill Logical Variables", "student": 34, "classroom": 8}}, {"model": "trackerwebapp.submission", "pk": 253, "fields": {"time_submitted": "2020-07-04T20:56:44.422Z", "teacher_url": "https://repl.it/teacher/submissions/13204994", "student_url": "https://repl.it/student/submissions/13204994", "exercise": "Part 3: \"Scary\" Math with Variables", "student": 36, "classroom": 8}}, {"model": "trackerwebapp.submission", "pk": 254, "fields": {"time_submitted": "2020-07-04T21:06:12.037Z", "teacher_url": "https://repl.it/teacher/submissions/13249874", "student_url": "https://repl.it/student/submissions/13249874", "exercise": "Part 6: More or Less Party", "student": 34, "classroom": 8}}, {"model": "trackerwebapp.submission", "pk": 255, "fields": {"time_submitted": "2020-07-04T21:14:51.700Z", "teacher_url": "https://repl.it/teacher/submissions/13249827", "student_url": "https://repl.it/student/submissions/13249827", "exercise": "Function Flow: Candy", "student": 35, "classroom": 6}}, {"model": "trackerwebapp.submission", "pk": 256, "fields": {"time_submitted": "2020-07-04T21:50:37.395Z", "teacher_url": "https://repl.it/teacher/submissions/13249921", "student_url": "https://repl.it/student/submissions/13249921", "exercise": "Part 4: Multi-line Strings", "student": 36, "classroom": 8}}, {"model": "trackerwebapp.submission", "pk": 257, "fields": {"time_submitted": "2020-07-04T22:11:14.615Z", "teacher_url": "https://repl.it/teacher/submissions/13249953", "student_url": "https://repl.it/student/submissions/13249953", "exercise": "Review: Variables", "student": 34, "classroom": 8}}, {"model": "trackerwebapp.submission", "pk": 258, "fields": {"time_submitted": "2020-07-04T22:14:03.769Z", "teacher_url": "https://repl.it/teacher/submissions/13246498", "student_url": "https://repl.it/student/submissions/13246498", "exercise": "Making a journal entry component", "student": 32, "classroom": 3}}, {"model": "trackerwebapp.submission", "pk": 259, "fields": {"time_submitted": "2020-07-04T23:00:46.752Z", "teacher_url": "https://repl.it/teacher/submissions/13007866", "student_url": "https://repl.it/student/submissions/13007866", "exercise": "Converting Objects to Strings", "student": 35, "classroom": 6}}, {"model": "trackerwebapp.submission", "pk": 260, "fields": {"time_submitted": "2020-07-04T23:06:05.690Z", "teacher_url": "https://repl.it/teacher/submissions/13250444", "student_url": "https://repl.it/student/submissions/13250444", "exercise": "Introduction and Syntax", "student": 37, "classroom": 6}}, {"model": "trackerwebapp.submission", "pk": 261, "fields": {"time_submitted": "2020-07-04T23:07:15.920Z", "teacher_url": "https://repl.it/teacher/submissions/13250458", "student_url": "https://repl.it/student/submissions/13250458", "exercise": "Paint the House", "student": 37, "classroom": 6}}, {"model": "trackerwebapp.submission", "pk": 262, "fields": {"time_submitted": "2020-07-05T03:57:28.982Z", "teacher_url": "https://repl.it/teacher/submissions/13250878", "student_url": "https://repl.it/student/submissions/13250878", "exercise": "Introduction and Syntax", "student": 34, "classroom": 2}}, {"model": "trackerwebapp.submission", "pk": 263, "fields": {"time_submitted": "2020-07-05T04:03:48.081Z", "teacher_url": "https://repl.it/teacher/submissions/13251596", "student_url": "https://repl.it/student/submissions/13251596", "exercise": "Part 1: Cleaning the Dishes", "student": 34, "classroom": 2}}, {"model": "trackerwebapp.submission", "pk": 264, "fields": {"time_submitted": "2020-07-05T04:46:16.212Z", "teacher_url": "https://repl.it/teacher/submissions/13239862", "student_url": "https://repl.it/student/submissions/13239862", "exercise": "Function Flow: Candy", "student": 13, "classroom": 6}}, {"model": "trackerwebapp.submission", "pk": 265, "fields": {"time_submitted": "2020-07-05T05:15:51.886Z", "teacher_url": "https://repl.it/teacher/submissions/13251749", "student_url": "https://repl.it/student/submissions/13251749", "exercise": "Converting Objects to Strings", "student": 13, "classroom": 6}}, {"model": "trackerwebapp.submission", "pk": 266, "fields": {"time_submitted": "2020-07-05T06:14:53.942Z", "teacher_url": "https://repl.it/teacher/submissions/13233993", "student_url": "https://repl.it/student/submissions/13233993", "exercise": "Wedding Function", "student": 22, "classroom": 3}}, {"model": "trackerwebapp.submission", "pk": 267, "fields": {"time_submitted": "2020-07-05T06:51:21.062Z", "teacher_url": "https://repl.it/teacher/submissions/13250462", "student_url": "https://repl.it/student/submissions/13250462", "exercise": "Return to Sender", "student": 37, "classroom": 6}}, {"model": "trackerwebapp.submission", "pk": 268, "fields": {"time_submitted": "2020-07-05T06:52:41.532Z", "teacher_url": "https://repl.it/teacher/submissions/13252076", "student_url": "https://repl.it/student/submissions/13252076", "exercise": "Storing Return Values", "student": 37, "classroom": 6}}, {"model": "trackerwebapp.submission", "pk": 269, "fields": {"time_submitted": "2020-07-05T06:56:30.391Z", "teacher_url": "https://repl.it/teacher/submissions/13252079", "student_url": "https://repl.it/student/submissions/13252079", "exercise": "Storing Two Return Values", "student": 37, "classroom": 6}}, {"model": "trackerwebapp.submission", "pk": 270, "fields": {"time_submitted": "2020-07-05T14:44:57.544Z", "teacher_url": "https://repl.it/teacher/submissions/13251612", "student_url": "https://repl.it/student/submissions/13251612", "exercise": "Part 2: Programming Topics", "student": 34, "classroom": 2}}, {"model": "trackerwebapp.submission", "pk": 271, "fields": {"time_submitted": "2020-07-05T15:23:57.250Z", "teacher_url": "https://repl.it/teacher/submissions/13253387", "student_url": "https://repl.it/student/submissions/13253387", "exercise": "Part 3: The Hairy Potter", "student": 34, "classroom": 2}}, {"model": "auth.permission", "pk": 1, "fields": {"name": "Can add log entry", "content_type": 1, "codename": "add_logentry"}}, {"model": "auth.permission", "pk": 2, "fields": {"name": "Can change log entry", "content_type": 1, "codename": "change_logentry"}}, {"model": "auth.permission", "pk": 3, "fields": {"name": "Can delete log entry", "content_type": 1, "codename": "delete_logentry"}}, {"model": "auth.permission", "pk": 4, "fields": {"name": "Can view log entry", "content_type": 1, "codename": "view_logentry"}}, {"model": "auth.permission", "pk": 5, "fields": {"name": "Can add permission", "content_type": 3, "codename": "add_permission"}}, {"model": "auth.permission", "pk": 6, "fields": {"name": "Can change permission", "content_type": 3, "codename": "change_permission"}}, {"model": "auth.permission", "pk": 7, "fields": {"name": "Can delete permission", "content_type": 3, "codename": "delete_permission"}}, {"model": "auth.permission", "pk": 8, "fields": {"name": "Can view permission", "content_type": 3, "codename": "view_permission"}}, {"model": "auth.permission", "pk": 9, "fields": {"name": "Can add group", "content_type": 4, "codename": "add_group"}}, {"model": "auth.permission", "pk": 10, "fields": {"name": "Can change group", "content_type": 4, "codename": "change_group"}}, {"model": "auth.permission", "pk": 11, "fields": {"name": "Can delete group", "content_type": 4, "codename": "delete_group"}}, {"model": "auth.permission", "pk": 12, "fields": {"name": "Can view group", "content_type": 4, "codename": "view_group"}}, {"model": "auth.permission", "pk": 13, "fields": {"name": "Can add user", "content_type": 2, "codename": "add_user"}}, {"model": "auth.permission", "pk": 14, "fields": {"name": "Can change user", "content_type": 2, "codename": "change_user"}}, {"model": "auth.permission", "pk": 15, "fields": {"name": "Can delete user", "content_type": 2, "codename": "delete_user"}}, {"model": "auth.permission", "pk": 16, "fields": {"name": "Can view user", "content_type": 2, "codename": "view_user"}}, {"model": "auth.permission", "pk": 17, "fields": {"name": "Can add content type", "content_type": 5, "codename": "add_contenttype"}}, {"model": "auth.permission", "pk": 18, "fields": {"name": "Can change content type", "content_type": 5, "codename": "change_contenttype"}}, {"model": "auth.permission", "pk": 19, "fields": {"name": "Can delete content type", "content_type": 5, "codename": "delete_contenttype"}}, {"model": "auth.permission", "pk": 20, "fields": {"name": "Can view content type", "content_type": 5, "codename": "view_contenttype"}}, {"model": "auth.permission", "pk": 21, "fields": {"name": "Can add session", "content_type": 6, "codename": "add_session"}}, {"model": "auth.permission", "pk": 22, "fields": {"name": "Can change session", "content_type": 6, "codename": "change_session"}}, {"model": "auth.permission", "pk": 23, "fields": {"name": "Can delete session", "content_type": 6, "codename": "delete_session"}}, {"model": "auth.permission", "pk": 24, "fields": {"name": "Can view session", "content_type": 6, "codename": "view_session"}}, {"model": "auth.permission", "pk": 25, "fields": {"name": "Can add submission", "content_type": 9, "codename": "add_submission"}}, {"model": "auth.permission", "pk": 26, "fields": {"name": "Can change submission", "content_type": 9, "codename": "change_submission"}}, {"model": "auth.permission", "pk": 27, "fields": {"name": "Can delete submission", "content_type": 9, "codename": "delete_submission"}}, {"model": "auth.permission", "pk": 28, "fields": {"name": "Can view submission", "content_type": 9, "codename": "view_submission"}}, {"model": "auth.permission", "pk": 29, "fields": {"name": "Can add classroom", "content_type": 7, "codename": "add_classroom"}}, {"model": "auth.permission", "pk": 30, "fields": {"name": "Can change classroom", "content_type": 7, "codename": "change_classroom"}}, {"model": "auth.permission", "pk": 31, "fields": {"name": "Can delete classroom", "content_type": 7, "codename": "delete_classroom"}}, {"model": "auth.permission", "pk": 32, "fields": {"name": "Can view classroom", "content_type": 7, "codename": "view_classroom"}}, {"model": "auth.permission", "pk": 33, "fields": {"name": "Can add student", "content_type": 8, "codename": "add_student"}}, {"model": "auth.permission", "pk": 34, "fields": {"name": "Can change student", "content_type": 8, "codename": "change_student"}}, {"model": "auth.permission", "pk": 35, "fields": {"name": "Can delete student", "content_type": 8, "codename": "delete_student"}}, {"model": "auth.permission", "pk": 36, "fields": {"name": "Can view student", "content_type": 8, "codename": "view_student"}}, {"model": "auth.permission", "pk": 37, "fields": {"name": "Can add cohort", "content_type": 10, "codename": "add_cohort"}}, {"model": "auth.permission", "pk": 38, "fields": {"name": "Can change cohort", "content_type": 10, "codename": "change_cohort"}}, {"model": "auth.permission", "pk": 39, "fields": {"name": "Can delete cohort", "content_type": 10, "codename": "delete_cohort"}}, {"model": "auth.permission", "pk": 40, "fields": {"name": "Can view cohort", "content_type": 10, "codename": "view_cohort"}}, {"model": "auth.user", "pk": 1, "fields": {"password": "pbkdf2_sha256$150000$p6TWqvzfNymP$yddJAlBmK58XC6BbWW1hq9ROv8vUnJaEDW4mL6QMG7I=", "last_login": "2020-07-02T01:19:31.512Z", "is_superuser": true, "username": "steve", "first_name": "", "last_name": "", "email": "steve@stevebrownlee.com", "is_staff": true, "is_active": true, "date_joined": "2020-07-02T01:19:21.480Z", "groups": [], "user_permissions": []}}, {"model": "admin.logentry", "pk": 1, "fields": {"action_time": "2020-07-02T01:43:56.135Z", "user": 1, "content_type": 10, "object_id": "4", "object_repr": "Cohort object (4)", "action_flag": 1, "change_message": "[{\"added\": {}}]"}}]