[{"model": "contenttypes.contenttype", "pk": 1, "fields": {"app_label": "admin", "model": "logentry"}}, {"model": "contenttypes.contenttype", "pk": 2, "fields": {"app_label": "auth", "model": "user"}}, {"model": "contenttypes.contenttype", "pk": 3, "fields": {"app_label": "auth", "model": "permission"}}, {"model": "contenttypes.contenttype", "pk": 4, "fields": {"app_label": "auth", "model": "group"}}, {"model": "contenttypes.contenttype", "pk": 5, "fields": {"app_label": "contenttypes", "model": "contenttype"}}, {"model": "contenttypes.contenttype", "pk": 6, "fields": {"app_label": "sessions", "model": "session"}}, {"model": "contenttypes.contenttype", "pk": 7, "fields": {"app_label": "trackerwebapp", "model": "classroom"}}, {"model": "contenttypes.contenttype", "pk": 8, "fields": {"app_label": "trackerwebapp", "model": "student"}}, {"model": "contenttypes.contenttype", "pk": 9, "fields": {"app_label": "trackerwebapp", "model": "submission"}}, {"model": "contenttypes.contenttype", "pk": 10, "fields": {"app_label": "trackerwebapp", "model": "cohort"}}, {"model": "sessions.session", "pk": "vvr8tg2234do7ny9tag39padwnzaru7d", "fields": {"session_data": "ZDk5ZjI0YTc3N2U2NWVhZDk4ZWNiMmIxNWVhOTUyYzljNGU2MjdmNTp7Il9hdXRoX3VzZXJfaWQiOiIxIiwiX2F1dGhfdXNlcl9iYWNrZW5kIjoiZGphbmdvLmNvbnRyaWIuYXV0aC5iYWNrZW5kcy5Nb2RlbEJhY2tlbmQiLCJfYXV0aF91c2VyX2hhc2giOiI2Nzk3MWNkNDM1Y2NiZDM1MzFiOTAyZjJhMjAzODU3Nzc1MjcyYjU3In0=", "expire_date": "2020-07-16T01:19:31.517Z"}}, {"model": "trackerwebapp.cohort", "pk": 1, "fields": {"name": "Day Cohort 43"}}, {"model": "trackerwebapp.cohort", "pk": 2, "fields": {"name": "Day Cohort 44"}}, {"model": "trackerwebapp.cohort", "pk": 3, "fields": {"name": "Evening Cohort 14"}}, {"model": "trackerwebapp.cohort", "pk": 4, "fields": {"name": "Day Cohort 45"}}, {"model": "trackerwebapp.student", "pk": 1, "fields": {"first_name": "NSS", "last_name": "Classroom", "replit_id": 981115, "cohort": 1}}, {"model": "trackerwebapp.student", "pk": 2, "fields": {"first_name": "Charlie", "last_name": "Butterworth", "replit_id": 3570256, "cohort": 1}}, {"model": "trackerwebapp.student", "pk": 3, "fields": {"first_name": "Bryan", "last_name": "Ford", "replit_id": 2896980, "cohort": 1}}, {"model": "trackerwebapp.student", "pk": 4, "fields": {"first_name": "Michael", "last_name": "Tyler", "replit_id": 2789082, "cohort": 1}}, {"model": "trackerwebapp.student", "pk": 5, "fields": {"first_name": "Joseph", "last_name": "Tidwell", "replit_id": 3451628, "cohort": 1}}, {"model": "trackerwebapp.student", "pk": 6, "fields": {"first_name": "Stephen", "last_name": "Freeny", "replit_id": 3429373, "cohort": 1}}, {"model": "trackerwebapp.student", "pk": 7, "fields": {"first_name": "Christian", "last_name": "P", "replit_id": 2032533, "cohort": 1}}, {"model": "trackerwebapp.student", "pk": 8, "fields": {"first_name": "Dani", "last_name": "Crosby", "replit_id": 3546053, "cohort": 1}}, {"model": "trackerwebapp.student", "pk": 9, "fields": {"first_name": "Matthew", "last_name": "Goodman", "replit_id": 3558636, "cohort": 4}}, {"model": "trackerwebapp.student", "pk": 10, "fields": {"first_name": "Jeremy", "last_name": "Young", "replit_id": 3575450, "cohort": 1}}, {"model": "trackerwebapp.student", "pk": 11, "fields": {"first_name": "abbey", "last_name": "royse", "replit_id": 3528973, "cohort": 1}}, {"model": "trackerwebapp.student", "pk": 12, "fields": {"first_name": "Jerry", "last_name": "Robertson", "replit_id": 3550018, "cohort": 1}}, {"model": "trackerwebapp.classroom", "pk": 1, "fields": {"title": "Introduction to Functions (Clone)", "replit_id": 199569}}, {"model": "trackerwebapp.classroom", "pk": 2, "fields": {"title": "Introduction to Arrays and Iteration", "replit_id": 174878}}, {"model": "trackerwebapp.classroom", "pk": 3, "fields": {"title": "JavaScript Functions", "replit_id": 85193}}, {"model": "trackerwebapp.classroom", "pk": 4, "fields": {"title": "JavaScript Conditions", "replit_id": 81437}}, {"model": "trackerwebapp.classroom", "pk": 5, "fields": {"title": "Iteration with JavaScript", "replit_id": 82104}}, {"model": "trackerwebapp.classroom", "pk": 6, "fields": {"title": "Introduction to Functions", "replit_id": 194563}}, {"model": "trackerwebapp.classroom", "pk": 7, "fields": {"title": "Introduction to Objects", "replit_id": 175529}}, {"model": "trackerwebapp.classroom", "pk": 8, "fields": {"title": "Introduction to JavaScript Variables", "replit_id": 174346}}, {"model": "trackerwebapp.submission", "pk": 1, "fields": {"time_submitted": "2020-07-01T14:42:35.403Z", "teacher_url": "https://repl.it/teacher/submissions/13221364", "student_url": "https://repl.it/student/submissions/13221364", "exercise": "Introduction and Syntax", "student": 1, "classroom": 1}}, {"model": "trackerwebapp.submission", "pk": 2, "fields": {"time_submitted": "2020-07-01T15:20:26.688Z", "teacher_url": "https://repl.it/teacher/submissions/13211924", "student_url": "https://repl.it/student/submissions/13211924", "exercise": "Part 3: The Hairy Potter", "student": 2, "classroom": 2}}, {"model": "trackerwebapp.submission", "pk": 3, "fields": {"time_submitted": "2020-07-01T15:34:43.224Z", "teacher_url": "https://repl.it/teacher/submissions/13221700", "student_url": "https://repl.it/student/submissions/13221700", "exercise": "Part 4: Fast Food Worker", "student": 2, "classroom": 2}}, {"model": "trackerwebapp.submission", "pk": 4, "fields": {"time_submitted": "2020-07-01T15:51:14.218Z", "teacher_url": "https://repl.it/teacher/submissions/13221908", "student_url": "https://repl.it/student/submissions/13221908", "exercise": "Function Parameters and Arguments", "student": 3, "classroom": 3}}, {"model": "trackerwebapp.submission", "pk": 5, "fields": {"time_submitted": "2020-07-01T15:57:49.803Z", "teacher_url": "https://repl.it/teacher/submissions/13221887", "student_url": "https://repl.it/student/submissions/13221887", "exercise": "Part 5: Yearly Grocery Costs", "student": 2, "classroom": 2}}, {"model": "trackerwebapp.submission", "pk": 6, "fields": {"time_submitted": "2020-07-01T16:04:35.452Z", "teacher_url": "https://repl.it/teacher/submissions/13222170", "student_url": "https://repl.it/student/submissions/13222170", "exercise": "Part 6: Average Miles", "student": 2, "classroom": 2}}, {"model": "trackerwebapp.submission", "pk": 7, "fields": {"time_submitted": "2020-07-01T16:18:28.901Z", "teacher_url": "https://repl.it/teacher/submissions/13222332", "student_url": "https://repl.it/student/submissions/13222332", "exercise": "Making a journal entry component", "student": 3, "classroom": 3}}, {"model": "trackerwebapp.submission", "pk": 8, "fields": {"time_submitted": "2020-07-01T16:39:10.370Z", "teacher_url": "https://repl.it/teacher/submissions/13222262", "student_url": "https://repl.it/student/submissions/13222262", "exercise": "Part 7: Sleep and Moods", "student": 2, "classroom": 2}}, {"model": "trackerwebapp.submission", "pk": 9, "fields": {"time_submitted": "2020-07-01T17:03:37.264Z", "teacher_url": "https://repl.it/teacher/submissions/13222889", "student_url": "https://repl.it/student/submissions/13222889", "exercise": "Building a sentence", "student": 4, "classroom": 5}}, {"model": "trackerwebapp.submission", "pk": 10, "fields": {"time_submitted": "2020-07-01T17:09:49.690Z", "teacher_url": "https://repl.it/teacher/submissions/13222418", "student_url": "https://repl.it/student/submissions/13222418", "exercise": "Student Assignments", "student": 3, "classroom": 3}}, {"model": "trackerwebapp.submission", "pk": 11, "fields": {"time_submitted": "2020-07-01T17:27:31.151Z", "teacher_url": "https://repl.it/teacher/submissions/13223014", "student_url": "https://repl.it/student/submissions/13223014", "exercise": "Wedding Function", "student": 5, "classroom": 3}}, {"model": "trackerwebapp.submission", "pk": 12, "fields": {"time_submitted": "2020-07-01T17:29:51.440Z", "teacher_url": "https://repl.it/teacher/submissions/13214688", "student_url": "https://repl.it/student/submissions/13214688", "exercise": "Using iteration to create a new collection", "student": 6, "classroom": 5}}, {"model": "trackerwebapp.submission", "pk": 13, "fields": {"time_submitted": "2020-07-01T17:46:15.726Z", "teacher_url": "https://repl.it/teacher/submissions/13223304", "student_url": "https://repl.it/student/submissions/13223304", "exercise": "Wedding Function", "student": 6, "classroom": 3}}, {"model": "trackerwebapp.submission", "pk": 14, "fields": {"time_submitted": "2020-07-01T17:47:22.900Z", "teacher_url": "https://repl.it/teacher/submissions/13223480", "student_url": "https://repl.it/student/submissions/13223480", "exercise": "Wedding Function", "student": 6, "classroom": 3}}, {"model": "trackerwebapp.submission", "pk": 15, "fields": {"time_submitted": "2020-07-01T18:07:52.612Z", "teacher_url": "https://repl.it/teacher/submissions/13223462", "student_url": "https://repl.it/student/submissions/13223462", "exercise": "Making a journal entry component", "student": 5, "classroom": 3}}, {"model": "trackerwebapp.submission", "pk": 16, "fields": {"time_submitted": "2020-07-01T18:22:25.668Z", "teacher_url": "https://repl.it/teacher/submissions/13223491", "student_url": "https://repl.it/student/submissions/13223491", "exercise": "Function Parameters and Arguments", "student": 6, "classroom": 3}}, {"model": "trackerwebapp.submission", "pk": 17, "fields": {"time_submitted": "2020-07-01T18:38:50.245Z", "teacher_url": "https://repl.it/teacher/submissions/13223847", "student_url": "https://repl.it/student/submissions/13223847", "exercise": "Making a journal entry component", "student": 6, "classroom": 3}}, {"model": "trackerwebapp.submission", "pk": 18, "fields": {"time_submitted": "2020-07-01T19:03:50.984Z", "teacher_url": "https://repl.it/teacher/submissions/13224224", "student_url": "https://repl.it/student/submissions/13224224", "exercise": "Introduction and Syntax", "student": 7, "classroom": 6}}, {"model": "trackerwebapp.submission", "pk": 19, "fields": {"time_submitted": "2020-07-01T19:04:40.378Z", "teacher_url": "https://repl.it/teacher/submissions/13224302", "student_url": "https://repl.it/student/submissions/13224302", "exercise": "Paint the House", "student": 7, "classroom": 6}}, {"model": "trackerwebapp.submission", "pk": 20, "fields": {"time_submitted": "2020-07-01T19:15:51.722Z", "teacher_url": "https://repl.it/teacher/submissions/13224308", "student_url": "https://repl.it/student/submissions/13224308", "exercise": "Return to Sender", "student": 7, "classroom": 6}}, {"model": "trackerwebapp.submission", "pk": 21, "fields": {"time_submitted": "2020-07-01T19:16:37.122Z", "teacher_url": "https://repl.it/teacher/submissions/13224402", "student_url": "https://repl.it/student/submissions/13224402", "exercise": "Storing Return Values", "student": 7, "classroom": 6}}, {"model": "trackerwebapp.submission", "pk": 22, "fields": {"time_submitted": "2020-07-01T19:21:36.033Z", "teacher_url": "https://repl.it/teacher/submissions/13224409", "student_url": "https://repl.it/student/submissions/13224409", "exercise": "Storing Two Return Values", "student": 7, "classroom": 6}}, {"model": "trackerwebapp.submission", "pk": 23, "fields": {"time_submitted": "2020-07-01T19:27:08.696Z", "teacher_url": "https://repl.it/teacher/submissions/13214986", "student_url": "https://repl.it/student/submissions/13214986", "exercise": "Voting Booth", "student": 8, "classroom": 7}}, {"model": "trackerwebapp.submission", "pk": 24, "fields": {"time_submitted": "2020-07-01T19:34:05.199Z", "teacher_url": "https://repl.it/teacher/submissions/13224470", "student_url": "https://repl.it/student/submissions/13224470", "exercise": "Introduction and Syntax", "student": 9, "classroom": 2}}, {"model": "trackerwebapp.submission", "pk": 25, "fields": {"time_submitted": "2020-07-01T19:51:39.819Z", "teacher_url": "https://repl.it/teacher/submissions/13224533", "student_url": "https://repl.it/student/submissions/13224533", "exercise": "Part 1: Cleaning the Dishes", "student": 9, "classroom": 2}}, {"model": "trackerwebapp.submission", "pk": 26, "fields": {"time_submitted": "2020-07-01T20:01:07.792Z", "teacher_url": "https://repl.it/teacher/submissions/13224687", "student_url": "https://repl.it/student/submissions/13224687", "exercise": "Part 2: Programming Topics", "student": 9, "classroom": 2}}, {"model": "trackerwebapp.submission", "pk": 27, "fields": {"time_submitted": "2020-07-01T20:03:56.419Z", "teacher_url": "https://repl.it/teacher/submissions/13224451", "student_url": "https://repl.it/student/submissions/13224451", "exercise": "Function Flow: Introduction", "student": 7, "classroom": 6}}, {"model": "trackerwebapp.submission", "pk": 28, "fields": {"time_submitted": "2020-07-01T20:12:00.556Z", "teacher_url": "https://repl.it/teacher/submissions/13224843", "student_url": "https://repl.it/student/submissions/13224843", "exercise": "Function Flow: Add Then Multiply", "student": 7, "classroom": 6}}, {"model": "trackerwebapp.submission", "pk": 29, "fields": {"time_submitted": "2020-07-01T20:14:14.290Z", "teacher_url": "https://repl.it/teacher/submissions/13224813", "student_url": "https://repl.it/student/submissions/13224813", "exercise": "Part 3: The Hairy Potter", "student": 9, "classroom": 2}}, {"model": "trackerwebapp.submission", "pk": 30, "fields": {"time_submitted": "2020-07-01T20:35:24.400Z", "teacher_url": "https://repl.it/teacher/submissions/13224944", "student_url": "https://repl.it/student/submissions/13224944", "exercise": "Part 4: Fast Food Worker", "student": 9, "classroom": 2}}, {"model": "trackerwebapp.submission", "pk": 31, "fields": {"time_submitted": "2020-07-01T20:42:56.362Z", "teacher_url": "https://repl.it/teacher/submissions/13224917", "student_url": "https://repl.it/student/submissions/13224917", "exercise": "Function Flow: Adding Properties", "student": 7, "classroom": 6}}, {"model": "trackerwebapp.submission", "pk": 32, "fields": {"time_submitted": "2020-07-01T20:47:10.158Z", "teacher_url": "https://repl.it/teacher/submissions/13225267", "student_url": "https://repl.it/student/submissions/13225267", "exercise": "Deconstruction: An Introduction", "student": 7, "classroom": 6}}, {"model": "trackerwebapp.submission", "pk": 33, "fields": {"time_submitted": "2020-07-01T20:57:30.761Z", "teacher_url": "https://repl.it/teacher/submissions/13225164", "student_url": "https://repl.it/student/submissions/13225164", "exercise": "Part 5: Yearly Grocery Costs", "student": 9, "classroom": 2}}, {"model": "trackerwebapp.submission", "pk": 34, "fields": {"time_submitted": "2020-07-01T20:58:48.899Z", "teacher_url": "https://repl.it/teacher/submissions/13225317", "student_url": "https://repl.it/student/submissions/13225317", "exercise": "Deconstruction: Calculator", "student": 7, "classroom": 6}}, {"model": "trackerwebapp.submission", "pk": 35, "fields": {"time_submitted": "2020-07-01T21:09:05.552Z", "teacher_url": "https://repl.it/teacher/submissions/13223710", "student_url": "https://repl.it/student/submissions/13223710", "exercise": "Functions calling functions", "student": 3, "classroom": 3}}, {"model": "trackerwebapp.submission", "pk": 36, "fields": {"time_submitted": "2020-07-01T21:34:25.784Z", "teacher_url": "https://repl.it/teacher/submissions/13223735", "student_url": "https://repl.it/student/submissions/13223735", "exercise": "Using the Power of of", "student": 4, "classroom": 5}}, {"model": "trackerwebapp.submission", "pk": 37, "fields": {"time_submitted": "2020-07-01T21:36:13.844Z", "teacher_url": "https://repl.it/teacher/submissions/13225815", "student_url": "https://repl.it/student/submissions/13225815", "exercise": "Using the Power of of", "student": 4, "classroom": 5}}, {"model": "trackerwebapp.submission", "pk": 38, "fields": {"time_submitted": "2020-07-01T21:40:09.652Z", "teacher_url": "https://repl.it/teacher/submissions/13225889", "student_url": "https://repl.it/student/submissions/13225889", "exercise": "Nested loops", "student": 4, "classroom": 5}}, {"model": "trackerwebapp.submission", "pk": 39, "fields": {"time_submitted": "2020-07-01T21:48:26.201Z", "teacher_url": "https://repl.it/teacher/submissions/13225874", "student_url": "https://repl.it/student/submissions/13225874", "exercise": "Part 4: Multi-line Strings", "student": 10, "classroom": 8}}, {"model": "trackerwebapp.submission", "pk": 40, "fields": {"time_submitted": "2020-07-01T21:48:58.011Z", "teacher_url": "https://repl.it/teacher/submissions/13216458", "student_url": "https://repl.it/student/submissions/13216458", "exercise": "Deconstruction: An Introduction", "student": 11, "classroom": 6}}, {"model": "trackerwebapp.submission", "pk": 41, "fields": {"time_submitted": "2020-07-01T22:13:57.698Z", "teacher_url": "https://repl.it/teacher/submissions/13226012", "student_url": "https://repl.it/student/submissions/13226012", "exercise": "Part 5: Ill Logical Variables", "student": 10, "classroom": 8}}, {"model": "trackerwebapp.submission", "pk": 42, "fields": {"time_submitted": "2020-07-01T22:29:26.303Z", "teacher_url": "https://repl.it/teacher/submissions/13226021", "student_url": "https://repl.it/student/submissions/13226021", "exercise": "Deconstruction: Calculator", "student": 11, "classroom": 6}}, {"model": "trackerwebapp.submission", "pk": 43, "fields": {"time_submitted": "2020-07-01T22:31:08.585Z", "teacher_url": "https://repl.it/teacher/submissions/13196272", "student_url": "https://repl.it/student/submissions/13196272", "exercise": "Part 1: Variables and Values", "student": 9, "classroom": 8}}, {"model": "trackerwebapp.submission", "pk": 44, "fields": {"time_submitted": "2020-07-01T22:55:54.786Z", "teacher_url": "https://repl.it/teacher/submissions/13225939", "student_url": "https://repl.it/student/submissions/13225939", "exercise": "Using iteration to filter a collection", "student": 4, "classroom": 5}}, {"model": "trackerwebapp.submission", "pk": 45, "fields": {"time_submitted": "2020-07-01T23:51:33.151Z", "teacher_url": "https://repl.it/teacher/submissions/13226762", "student_url": "https://repl.it/student/submissions/13226762", "exercise": "Adults only", "student": 4, "classroom": 5}}, {"model": "trackerwebapp.submission", "pk": 46, "fields": {"time_submitted": "2020-07-01T23:53:50.474Z", "teacher_url": "https://repl.it/teacher/submissions/13226892", "student_url": "https://repl.it/student/submissions/13226892", "exercise": "Adults only", "student": 4, "classroom": 5}}, {"model": "trackerwebapp.submission", "pk": 47, "fields": {"time_submitted": "2020-07-01T23:56:26.943Z", "teacher_url": "https://repl.it/teacher/submissions/13226342", "student_url": "https://repl.it/student/submissions/13226342", "exercise": "Part 2: String Values in Variables", "student": 9, "classroom": 8}}, {"model": "trackerwebapp.submission", "pk": 48, "fields": {"time_submitted": "2020-07-01T23:59:06.744Z", "teacher_url": "https://repl.it/teacher/submissions/13226392", "student_url": "https://repl.it/student/submissions/13226392", "exercise": "Part 6: Average Miles", "student": 12, "classroom": 2}}, {"model": "trackerwebapp.submission", "pk": 49, "fields": {"time_submitted": "2020-07-02T00:03:10.818Z", "teacher_url": "https://repl.it/teacher/submissions/13226904", "student_url": "https://repl.it/student/submissions/13226904", "exercise": "Using iteration to create a new collection", "student": 4, "classroom": 5}}, {"model": "trackerwebapp.submission", "pk": 50, "fields": {"time_submitted": "2020-07-02T00:05:19.233Z", "teacher_url": "https://repl.it/teacher/submissions/13226972", "student_url": "https://repl.it/student/submissions/13226972", "exercise": "Using iteration to create a new collection", "student": 4, "classroom": 5}}, {"model": "trackerwebapp.submission", "pk": 51, "fields": {"time_submitted": "2020-07-02T00:09:18.872Z", "teacher_url": "https://repl.it/teacher/submissions/13226989", "student_url": "https://repl.it/student/submissions/13226989", "exercise": "Using iteration to create a new collection", "student": 4, "classroom": 5}}, {"model": "trackerwebapp.submission", "pk": 52, "fields": {"time_submitted": "2020-07-02T00:15:26.486Z", "teacher_url": "https://repl.it/teacher/submissions/13226914", "student_url": "https://repl.it/student/submissions/13226914", "exercise": "Part 3: \"Scary\" Math with Variables", "student": 9, "classroom": 8}}, {"model": "trackerwebapp.submission", "pk": 53, "fields": {"time_submitted": "2020-07-02T00:33:41.770Z", "teacher_url": "https://repl.it/teacher/submissions/13131379", "student_url": "https://repl.it/student/submissions/13131379", "exercise": "Wedding Function", "student": 4, "classroom": 3}}, {"model": "trackerwebapp.submission", "pk": 54, "fields": {"time_submitted": "2020-07-02T00:59:58.750Z", "teacher_url": "https://repl.it/teacher/submissions/13227097", "student_url": "https://repl.it/student/submissions/13227097", "exercise": "Part 4: Multi-line Strings", "student": 9, "classroom": 8}}, {"model": "trackerwebapp.submission", "pk": 55, "fields": {"time_submitted": "2020-07-02T01:51:32.240Z", "teacher_url": "https://repl.it/teacher/submissions/13227579", "student_url": "https://repl.it/student/submissions/13227579", "exercise": "Part 6: More or Less Party", "student": 9, "classroom": 8}}, {"model": "auth.permission", "pk": 1, "fields": {"name": "Can add log entry", "content_type": 1, "codename": "add_logentry"}}, {"model": "auth.permission", "pk": 2, "fields": {"name": "Can change log entry", "content_type": 1, "codename": "change_logentry"}}, {"model": "auth.permission", "pk": 3, "fields": {"name": "Can delete log entry", "content_type": 1, "codename": "delete_logentry"}}, {"model": "auth.permission", "pk": 4, "fields": {"name": "Can view log entry", "content_type": 1, "codename": "view_logentry"}}, {"model": "auth.permission", "pk": 5, "fields": {"name": "Can add permission", "content_type": 3, "codename": "add_permission"}}, {"model": "auth.permission", "pk": 6, "fields": {"name": "Can change permission", "content_type": 3, "codename": "change_permission"}}, {"model": "auth.permission", "pk": 7, "fields": {"name": "Can delete permission", "content_type": 3, "codename": "delete_permission"}}, {"model": "auth.permission", "pk": 8, "fields": {"name": "Can view permission", "content_type": 3, "codename": "view_permission"}}, {"model": "auth.permission", "pk": 9, "fields": {"name": "Can add group", "content_type": 4, "codename": "add_group"}}, {"model": "auth.permission", "pk": 10, "fields": {"name": "Can change group", "content_type": 4, "codename": "change_group"}}, {"model": "auth.permission", "pk": 11, "fields": {"name": "Can delete group", "content_type": 4, "codename": "delete_group"}}, {"model": "auth.permission", "pk": 12, "fields": {"name": "Can view group", "content_type": 4, "codename": "view_group"}}, {"model": "auth.permission", "pk": 13, "fields": {"name": "Can add user", "content_type": 2, "codename": "add_user"}}, {"model": "auth.permission", "pk": 14, "fields": {"name": "Can change user", "content_type": 2, "codename": "change_user"}}, {"model": "auth.permission", "pk": 15, "fields": {"name": "Can delete user", "content_type": 2, "codename": "delete_user"}}, {"model": "auth.permission", "pk": 16, "fields": {"name": "Can view user", "content_type": 2, "codename": "view_user"}}, {"model": "auth.permission", "pk": 17, "fields": {"name": "Can add content type", "content_type": 5, "codename": "add_contenttype"}}, {"model": "auth.permission", "pk": 18, "fields": {"name": "Can change content type", "content_type": 5, "codename": "change_contenttype"}}, {"model": "auth.permission", "pk": 19, "fields": {"name": "Can delete content type", "content_type": 5, "codename": "delete_contenttype"}}, {"model": "auth.permission", "pk": 20, "fields": {"name": "Can view content type", "content_type": 5, "codename": "view_contenttype"}}, {"model": "auth.permission", "pk": 21, "fields": {"name": "Can add session", "content_type": 6, "codename": "add_session"}}, {"model": "auth.permission", "pk": 22, "fields": {"name": "Can change session", "content_type": 6, "codename": "change_session"}}, {"model": "auth.permission", "pk": 23, "fields": {"name": "Can delete session", "content_type": 6, "codename": "delete_session"}}, {"model": "auth.permission", "pk": 24, "fields": {"name": "Can view session", "content_type": 6, "codename": "view_session"}}, {"model": "auth.permission", "pk": 25, "fields": {"name": "Can add submission", "content_type": 9, "codename": "add_submission"}}, {"model": "auth.permission", "pk": 26, "fields": {"name": "Can change submission", "content_type": 9, "codename": "change_submission"}}, {"model": "auth.permission", "pk": 27, "fields": {"name": "Can delete submission", "content_type": 9, "codename": "delete_submission"}}, {"model": "auth.permission", "pk": 28, "fields": {"name": "Can view submission", "content_type": 9, "codename": "view_submission"}}, {"model": "auth.permission", "pk": 29, "fields": {"name": "Can add classroom", "content_type": 7, "codename": "add_classroom"}}, {"model": "auth.permission", "pk": 30, "fields": {"name": "Can change classroom", "content_type": 7, "codename": "change_classroom"}}, {"model": "auth.permission", "pk": 31, "fields": {"name": "Can delete classroom", "content_type": 7, "codename": "delete_classroom"}}, {"model": "auth.permission", "pk": 32, "fields": {"name": "Can view classroom", "content_type": 7, "codename": "view_classroom"}}, {"model": "auth.permission", "pk": 33, "fields": {"name": "Can add student", "content_type": 8, "codename": "add_student"}}, {"model": "auth.permission", "pk": 34, "fields": {"name": "Can change student", "content_type": 8, "codename": "change_student"}}, {"model": "auth.permission", "pk": 35, "fields": {"name": "Can delete student", "content_type": 8, "codename": "delete_student"}}, {"model": "auth.permission", "pk": 36, "fields": {"name": "Can view student", "content_type": 8, "codename": "view_student"}}, {"model": "auth.permission", "pk": 37, "fields": {"name": "Can add cohort", "content_type": 10, "codename": "add_cohort"}}, {"model": "auth.permission", "pk": 38, "fields": {"name": "Can change cohort", "content_type": 10, "codename": "change_cohort"}}, {"model": "auth.permission", "pk": 39, "fields": {"name": "Can delete cohort", "content_type": 10, "codename": "delete_cohort"}}, {"model": "auth.permission", "pk": 40, "fields": {"name": "Can view cohort", "content_type": 10, "codename": "view_cohort"}}, {"model": "auth.user", "pk": 1, "fields": {"password": "pbkdf2_sha256$150000$p6TWqvzfNymP$yddJAlBmK58XC6BbWW1hq9ROv8vUnJaEDW4mL6QMG7I=", "last_login": "2020-07-02T01:19:31.512Z", "is_superuser": true, "username": "steve", "first_name": "", "last_name": "", "email": "steve@stevebrownlee.com", "is_staff": true, "is_active": true, "date_joined": "2020-07-02T01:19:21.480Z", "groups": [], "user_permissions": []}}, {"model": "admin.logentry", "pk": 1, "fields": {"action_time": "2020-07-02T01:43:56.135Z", "user": 1, "content_type": 10, "object_id": "4", "object_repr": "Cohort object (4)", "action_flag": 1, "change_message": "[{\"added\": {}}]"}}]